DEPARTAMENTO,PROVINCIA,DISTRITO,DISTRITO,PROVINCIA,distr_prov
AMAZONAS,BAGUA,ARAMANGO,,,0.03067484662576687
AMAZONAS,BAGUA,BAGUA,,,0.18404907975460122
AMAZONAS,BAGUA,COPALLIN,,,0.012269938650306749
AMAZONAS,BAGUA,IMAZA,,,0.0736196319018405
AMAZONAS,BAGUA,LA PECA,,,0.03374233128834356
AMAZONAS,BONGARA,CHURUJA,,,0.006134969325153374
AMAZONAS,BONGARA,JAZAN,,,0.027607361963190184
AMAZONAS,BONGARA,JUMBILLA,,,0.003067484662576687
AMAZONAS,BONGARA,SAN CARLOS,,,0.003067484662576687
AMAZONAS,BONGARA,VALERA,,,0.003067484662576687
AMAZONAS,BONGARA,YAMBRASBAMBA,,,0.003067484662576687
AMAZONAS,CHACHAPOYAS,BALSAS,,,0.003067484662576687
AMAZONAS,CHACHAPOYAS,CHACHAPOYAS,,,0.0950920245398773
AMAZONAS,CHACHAPOYAS,CHUQUIBAMBA,,,0.006134969325153374
AMAZONAS,CHACHAPOYAS,HUANCAS,,,0.003067484662576687
AMAZONAS,CHACHAPOYAS,LA JALCA,,,0.006134969325153374
AMAZONAS,CHACHAPOYAS,LEIMEBAMBA,,,0.003067484662576687
AMAZONAS,CHACHAPOYAS,MAGDALENA,,,0.003067484662576687
AMAZONAS,CHACHAPOYAS,MARISCAL CASTILLA,,,0.003067484662576687
AMAZONAS,CHACHAPOYAS,MONTEVIDEO,,,0.003067484662576687
AMAZONAS,CHACHAPOYAS,SOLOCO,,,0.009202453987730062
AMAZONAS,CONDORCANQUI,EL CENEPA,,,0.009202453987730062
AMAZONAS,CONDORCANQUI,NIEVA,,,0.03987730061349693
AMAZONAS,CONDORCANQUI,RIO SANTIAGO,,,0.018404907975460124
AMAZONAS,LUYA,CAMPOREDONDO,,,0.003067484662576687
AMAZONAS,LUYA,CAMPORREDONDO,,,0.003067484662576687
AMAZONAS,LUYA,COCABAMBA,,,0.003067484662576687
AMAZONAS,LUYA,LAMUD,,,0.012269938650306749
AMAZONAS,LUYA,LONYA CHICO,,,0.003067484662576687
AMAZONAS,LUYA,LUYA,,,0.015337423312883436
AMAZONAS,LUYA,PISUQUIA,,,0.006134969325153374
AMAZONAS,LUYA,SAN JERONIMO,,,0.003067484662576687
AMAZONAS,LUYA,SANTO TOMAS,,,0.003067484662576687
AMAZONAS,LUYA,TINGO,,,0.012269938650306749
AMAZONAS,LUYA,TRITA,,,0.003067484662576687
AMAZONAS,RODRIGUEZ DE MENDOZA,COCHAMAL,,,0.003067484662576687
AMAZONAS,RODRIGUEZ DE MENDOZA,HUAMBO,,,0.003067484662576687
AMAZONAS,RODRIGUEZ DE MENDOZA,LIMABAMBA,,,0.003067484662576687
AMAZONAS,RODRIGUEZ DE MENDOZA,LONGAR,,,0.003067484662576687
AMAZONAS,RODRIGUEZ DE MENDOZA,MARISCAL BENAVIDES,,,0.006134969325153374
AMAZONAS,RODRIGUEZ DE MENDOZA,OMIA,,,0.006134969325153374
AMAZONAS,RODRIGUEZ DE MENDOZA,SAN NICOLAS,,,0.024539877300613498
AMAZONAS,UTCUBAMBA,BAGUA GRANDE,,,0.24846625766871167
AMAZONAS,UTCUBAMBA,CAJARURO,,,0.03680981595092025
AMAZONAS,UTCUBAMBA,CUMBA,,,0.003067484662576687
AMAZONAS,UTCUBAMBA,EL MILAGRO,,,0.003067484662576687
AMAZONAS,UTCUBAMBA,JAMALCA,,,0.006134969325153374
AMAZONAS,UTCUBAMBA,YAMON,,,0.003067484662576687
ANCASH,AIJA,CORIS,,,0.0005324813631522897
ANCASH,AIJA,HUACLLAN,,,0.0005324813631522897
ANCASH,AIJA,LA MERCED,,,0.002129925452609159
ANCASH,ASUNCION,ACOCHACA,,,0.0005324813631522897
ANCASH,ASUNCION,CHACAS,,,0.0005324813631522897
ANCASH,BOLOGNESI,AQUIA,,,0.0005324813631522897
ANCASH,BOLOGNESI,CAJACAY,,,0.0005324813631522897
ANCASH,BOLOGNESI,CHIQUIAN,,,0.004259850905218318
ANCASH,BOLOGNESI,COLQUIOC,,,0.0010649627263045794
ANCASH,BOLOGNESI,HUALLANCA,,,0.0010649627263045794
ANCASH,BOLOGNESI,HUAYLLACAYAN,,,0.0005324813631522897
ANCASH,BOLOGNESI,LA PRIMAVERA,,,0.0010649627263045794
ANCASH,BOLOGNESI,MANGAS,,,0.0005324813631522897
ANCASH,BOLOGNESI,PACLLON,,,0.0005324813631522897
ANCASH,CARHUAZ,ACOPAMPA,,,0.0005324813631522897
ANCASH,CARHUAZ,ANTA,,,0.0010649627263045794
ANCASH,CARHUAZ,CARHUAZ,,,0.005857294994675187
ANCASH,CARHUAZ,MARCARA,,,0.0010649627263045794
ANCASH,CARHUAZ,SAN MIGUEL DE ACO,,,0.0005324813631522897
ANCASH,CARHUAZ,SHILLA,,,0.0005324813631522897
ANCASH,CARHUAZ,TINCO,,,0.002129925452609159
ANCASH,CARHUAZ,YUNGAR,,,0.0010649627263045794
ANCASH,CARLOS FERMIN FITZCARRALD,SAN NICOLAS,,,0.0005324813631522897
ANCASH,CASMA,BUENA VISTA ALTA,,,0.001597444089456869
ANCASH,CASMA,CASMA,,,0.03887113951011715
ANCASH,CASMA,COMANDANTE NOEL,,,0.001597444089456869
ANCASH,CASMA,YAUTAN,,,0.004259850905218318
ANCASH,CORONGO,CUSCA,,,0.0005324813631522897
ANCASH,CORONGO,YANAC,,,0.0005324813631522897
ANCASH,CORONGO,YUPAN,,,0.0005324813631522897
ANCASH,HUARAZ,COCHABAMBA,,,0.0005324813631522897
ANCASH,HUARAZ,COLCABAMBA,,,0.0005324813631522897
ANCASH,HUARAZ,HUANCHAY,,,0.0005324813631522897
ANCASH,HUARAZ,HUARAZ,,,0.06922257720979766
ANCASH,HUARAZ,INDEPENDENCIA,,,0.03567625133120341
ANCASH,HUARAZ,JANGAS,,,0.0010649627263045794
ANCASH,HUARAZ,OLLEROS,,,0.002129925452609159
ANCASH,HUARAZ,PAMPAS GRANDE,,,0.0005324813631522897
ANCASH,HUARAZ,PARIACOTO,,,0.003727369542066028
ANCASH,HUARAZ,PIRA,,,0.002129925452609159
ANCASH,HUARAZ,TARICA,,,0.003194888178913738
ANCASH,HUARI,ANRA,,,0.0010649627263045794
ANCASH,HUARI,CAJAY,,,0.0005324813631522897
ANCASH,HUARI,CHAVIN DE HUANTAR,,,0.0026624068157614484
ANCASH,HUARI,HUACCHIS,,,0.0005324813631522897
ANCASH,HUARI,HUACHIS,,,0.002129925452609159
ANCASH,HUARI,HUARI,,,0.001597444089456869
ANCASH,HUARI,MASIN,,,0.0005324813631522897
ANCASH,HUARI,PONTO,,,0.001597444089456869
ANCASH,HUARI,SAN MARCOS,,,0.001597444089456869
ANCASH,HUARI,SAN PEDRO DE CHANA,,,0.0005324813631522897
ANCASH,HUARI,UCO,,,0.0010649627263045794
ANCASH,HUARMEY,CULEBRAS,,,0.0010649627263045794
ANCASH,HUARMEY,HUARMEY,,,0.025026624068157616
ANCASH,HUARMEY,HUAYAN,,,0.0010649627263045794
ANCASH,HUARMEY,MALVAS,,,0.001597444089456869
ANCASH,HUAYLAS,CARAZ,,,0.013844515441959531
ANCASH,HUAYLAS,HUALLANCA,,,0.0010649627263045794
ANCASH,HUAYLAS,HUATA,,,0.0005324813631522897
ANCASH,HUAYLAS,HUAYLAS,,,0.0010649627263045794
ANCASH,HUAYLAS,MATO,,,0.002129925452609159
ANCASH,HUAYLAS,PAMPAROMAS,,,0.0005324813631522897
ANCASH,HUAYLAS,PUEBLO LIBRE,,,0.001597444089456869
ANCASH,HUAYLAS,SANTA CRUZ,,,0.0005324813631522897
ANCASH,HUAYLAS,SANTO TORIBIO,,,0.0005324813631522897
ANCASH,HUAYLAS,YURACMARCA,,,0.0010649627263045794
ANCASH,MARISCAL LUZURIAGA,CASCA,,,0.0005324813631522897
ANCASH,MARISCAL LUZURIAGA,LLUMPA,,,0.0005324813631522897
ANCASH,MARISCAL LUZURIAGA,PISCOBAMBA,,,0.0005324813631522897
ANCASH,OCROS,ACAS,,,0.0010649627263045794
ANCASH,OCROS,LLIPA,,,0.0005324813631522897
ANCASH,OCROS,SAN CRISTOBAL DE RAJAN,,,0.0005324813631522897
ANCASH,PALLASCA,CABANA,,,0.0005324813631522897
ANCASH,PALLASCA,CONCHUCOS,,,0.0005324813631522897
ANCASH,PALLASCA,HUANDOVAL,,,0.0005324813631522897
ANCASH,PALLASCA,PAMPAS,,,0.001597444089456869
ANCASH,PALLASCA,SANTA ROSA,,,0.0005324813631522897
ANCASH,PALLASCA,TAUCA,,,0.0010649627263045794
ANCASH,POMABAMBA,HUAYLLAN,,,0.0005324813631522897
ANCASH,POMABAMBA,PAROBAMBA,,,0.0010649627263045794
ANCASH,POMABAMBA,POMABAMBA,,,0.0026624068157614484
ANCASH,RECUAY,CATAC,,,0.0010649627263045794
ANCASH,RECUAY,COTAPARACO,,,0.0005324813631522897
ANCASH,RECUAY,HUAYLLAPAMPA,,,0.0005324813631522897
ANCASH,RECUAY,LLACLLIN,,,0.0010649627263045794
ANCASH,RECUAY,MARCA,,,0.0005324813631522897
ANCASH,RECUAY,PAMPAS CHICO,,,0.0005324813631522897
ANCASH,RECUAY,PARARIN,,,0.0005324813631522897
ANCASH,RECUAY,RECUAY,,,0.005324813631522897
ANCASH,RECUAY,TICAPAMPA,,,0.003194888178913738
ANCASH,SANTA,CACERES DEL PERU,,,0.001597444089456869
ANCASH,SANTA,CHIMBOTE,,,0.4116080937167199
ANCASH,SANTA,COISHCO,,,0.029286474973375932
ANCASH,SANTA,MACATE,,,0.001597444089456869
ANCASH,SANTA,MORO,,,0.004259850905218318
ANCASH,SANTA,NEPEÑA,,,0.01597444089456869
ANCASH,SANTA,NUEVO CHIMBOTE,,,0.1182108626198083
ANCASH,SANTA,SAMANCO,,,0.006922257720979766
ANCASH,SANTA,SANTA,,,0.029286474973375932
ANCASH,SIHUAS,ALFONSO UGARTE,,,0.0005324813631522897
ANCASH,SIHUAS,CASHAPAMPA,,,0.0005324813631522897
ANCASH,SIHUAS,HUAYLLABAMBA,,,0.0005324813631522897
ANCASH,SIHUAS,QUICHES,,,0.0005324813631522897
ANCASH,SIHUAS,SAN JUAN,,,0.0005324813631522897
ANCASH,SIHUAS,SICSIBAMBA,,,0.0005324813631522897
ANCASH,SIHUAS,SIHUAS,,,0.0026624068157614484
ANCASH,YUNGAY,CASCAPARA,,,0.0005324813631522897
ANCASH,YUNGAY,MANCOS,,,0.001597444089456869
ANCASH,YUNGAY,MATACOTO,,,0.0005324813631522897
ANCASH,YUNGAY,QUILLO,,,0.0010649627263045794
ANCASH,YUNGAY,SHUPLUY,,,0.0010649627263045794
ANCASH,YUNGAY,YANAMA,,,0.0010649627263045794
ANCASH,YUNGAY,YUNGAY,,,0.006389776357827476
APURIMAC,ABANCAY,ABANCAY,,,0.3490909090909091
APURIMAC,ABANCAY,CHACOCHE,,,0.0036363636363636364
APURIMAC,ABANCAY,CIRCA,,,0.0036363636363636364
APURIMAC,ABANCAY,CURAHUASI,,,0.025454545454545455
APURIMAC,ABANCAY,LAMBRAMA,,,0.01090909090909091
APURIMAC,ABANCAY,PICHIRHUA,,,0.01090909090909091
APURIMAC,ABANCAY,SAN PEDRO DE CACHORA,,,0.01090909090909091
APURIMAC,ABANCAY,TAMBURCO,,,0.04
APURIMAC,ANDAHUAYLAS,ANDAHUAYLAS,,,0.09090909090909091
APURIMAC,ANDAHUAYLAS,ANDARAPA,,,0.01090909090909091
APURIMAC,ANDAHUAYLAS,CHIARA,,,0.0036363636363636364
APURIMAC,ANDAHUAYLAS,HUANCARAMA,,,0.025454545454545455
APURIMAC,ANDAHUAYLAS,HUANCARAY,,,0.014545454545454545
APURIMAC,ANDAHUAYLAS,JOSE MARIA ARGUEDAS,,,0.0036363636363636364
APURIMAC,ANDAHUAYLAS,KAQUIABAMBA,,,0.007272727272727273
APURIMAC,ANDAHUAYLAS,KISHUARA,,,0.007272727272727273
APURIMAC,ANDAHUAYLAS,PACOBAMBA,,,0.01090909090909091
APURIMAC,ANDAHUAYLAS,PACUCHA,,,0.01090909090909091
APURIMAC,ANDAHUAYLAS,PAMPACHIRI,,,0.0036363636363636364
APURIMAC,ANDAHUAYLAS,POMACOCHA,,,0.0036363636363636364
APURIMAC,ANDAHUAYLAS,SAN JERONIMO,,,0.03272727272727273
APURIMAC,ANDAHUAYLAS,SANTA MARIA DE CHICMO,,,0.007272727272727273
APURIMAC,ANDAHUAYLAS,TALAVERA,,,0.04363636363636364
APURIMAC,ANDAHUAYLAS,TURPO,,,0.0036363636363636364
APURIMAC,ANTABAMBA,ANTABAMBA,,,0.02181818181818182
APURIMAC,ANTABAMBA,EL ORO,,,0.0036363636363636364
APURIMAC,ANTABAMBA,HUAQUIRCA,,,0.0036363636363636364
APURIMAC,ANTABAMBA,JUAN ESPINOZA MEDRANO,,,0.0036363636363636364
APURIMAC,ANTABAMBA,PACHACONAS,,,0.0036363636363636364
APURIMAC,ANTABAMBA,SABAINO,,,0.0036363636363636364
APURIMAC,AYMARAES,CHALHUANCA,,,0.007272727272727273
APURIMAC,AYMARAES,CHAPIMARCA,,,0.0036363636363636364
APURIMAC,AYMARAES,COLCABAMBA,,,0.01090909090909091
APURIMAC,AYMARAES,COTARUSE,,,0.01818181818181818
APURIMAC,AYMARAES,IHUAYLLO,,,0.01090909090909091
APURIMAC,AYMARAES,JUSTO APU SAHUARAURA,,,0.0036363636363636364
APURIMAC,AYMARAES,SAÑAYCA,,,0.0036363636363636364
APURIMAC,AYMARAES,SORAYA,,,0.0036363636363636364
APURIMAC,AYMARAES,TORAYA,,,0.0036363636363636364
APURIMAC,CHINCHEROS,ANCO HUALLO,,,0.01090909090909091
APURIMAC,CHINCHEROS,ANCO-HUALLO,,,0.014545454545454545
APURIMAC,CHINCHEROS,CHINCHEROS,,,0.02181818181818182
APURIMAC,CHINCHEROS,COCHARCAS,,,0.0036363636363636364
APURIMAC,CHINCHEROS,HUACCANA,,,0.01090909090909091
APURIMAC,CHINCHEROS,OCOBAMBA,,,0.014545454545454545
APURIMAC,CHINCHEROS,ONGOY,,,0.007272727272727273
APURIMAC,CHINCHEROS,URANMARCA,,,0.007272727272727273
APURIMAC,COTABAMBAS,CHALLHUAHUACHO,,,0.014545454545454545
APURIMAC,COTABAMBAS,COTABAMBAS,,,0.0036363636363636364
APURIMAC,COTABAMBAS,COYLLURQUI,,,0.0036363636363636364
APURIMAC,COTABAMBAS,HAQUIRA,,,0.0036363636363636364
APURIMAC,COTABAMBAS,MARA,,,0.007272727272727273
APURIMAC,COTABAMBAS,TAMBOBAMBA,,,0.01090909090909091
APURIMAC,GRAU,CHUQUIBAMBILLA,,,0.007272727272727273
APURIMAC,GRAU,CURPAHUASI,,,0.0036363636363636364
APURIMAC,GRAU,MAMARA,,,0.0036363636363636364
APURIMAC,GRAU,MARISCAL GAMARRA,,,0.0036363636363636364
APURIMAC,GRAU,MICAELA BASTIDAS,,,0.0036363636363636364
APURIMAC,GRAU,SAN ANTONIO,,,0.0036363636363636364
AREQUIPA,AREQUIPA,ALTO SELVA ALEGRE,,,0.056762092793682134
AREQUIPA,AREQUIPA,AREQUIPA,,,0.10710760118460019
AREQUIPA,AREQUIPA,CAYMA,,,0.057749259624876606
AREQUIPA,AREQUIPA,CERRO COLORADO,,,0.09378084896347483
AREQUIPA,AREQUIPA,CHARACATO,,,0.007403751233958539
AREQUIPA,AREQUIPA,CHIGUATA,,,0.0014807502467917078
AREQUIPA,AREQUIPA,JACOBO HUNTER,,,0.044422507403751234
AREQUIPA,AREQUIPA,JOSE LUIS BUSTAMANTE Y RIVERO,,,0.07156959526159921
AREQUIPA,AREQUIPA,LA JOYA,,,0.017275419545903257
AREQUIPA,AREQUIPA,MARIANO MELGAR,,,0.054294175715695954
AREQUIPA,AREQUIPA,MIRAFLORES,,,0.059230009871668314
AREQUIPA,AREQUIPA,MOLLEBAYA,,,0.0014807502467917078
AREQUIPA,AREQUIPA,PAUCARPATA,,,0.13079960513326752
AREQUIPA,AREQUIPA,POLOBAYA,,,0.0009871668311944718
AREQUIPA,AREQUIPA,QUEQUEÑA,,,0.0009871668311944718
AREQUIPA,AREQUIPA,SABANDIA,,,0.0024679170779861796
AREQUIPA,AREQUIPA,SACHACA,,,0.01579466929911155
AREQUIPA,AREQUIPA,SAN JUAN DE TARUCANI,,,0.0004935834155972359
AREQUIPA,AREQUIPA,SANTA ISABEL DE SIGUAS,,,0.0014807502467917078
AREQUIPA,AREQUIPA,SANTA RITA DE SIHUAS,,,0.0024679170779861796
AREQUIPA,AREQUIPA,SOCABAYA,,,0.06416584402764067
AREQUIPA,AREQUIPA,TIABAYA,,,0.009871668311944718
AREQUIPA,AREQUIPA,UCHUMAYO,,,0.007897334649555774
AREQUIPA,AREQUIPA,VITOR,,,0.0019743336623889436
AREQUIPA,AREQUIPA,YANAHUARA,,,0.022704837117472853
AREQUIPA,AREQUIPA,YARABAMBA,,,0.0009871668311944718
AREQUIPA,AREQUIPA,YURA,,,0.008884501480750246
AREQUIPA,CAMANA,CAMANA,,,0.01826258637709773
AREQUIPA,CAMANA,JOSE MARIA QUIMPER,,,0.0034550839091806516
AREQUIPA,CAMANA,MARIANO NICOLAS VALCARCEL,,,0.0024679170779861796
AREQUIPA,CAMANA,MARISCAL CACERES,,,0.004935834155972359
AREQUIPA,CAMANA,NICOLAS DE PIEROLA,,,0.004442250740375123
AREQUIPA,CAMANA,OCOÂ´.Â¢A,,,0.0004935834155972359
AREQUIPA,CAMANA,OCOÑA,,,0.0019743336623889436
AREQUIPA,CAMANA,OCOÑ¢A,,,0.0004935834155972359
AREQUIPA,CAMANA,QUILCA,,,0.0004935834155972359
AREQUIPA,CAMANA,SAMUEL PASTOR,,,0.007897334649555774
AREQUIPA,CARAVELI,ACARI,,,0.0014807502467917078
AREQUIPA,CARAVELI,ATICO,,,0.0034550839091806516
AREQUIPA,CARAVELI,ATIQUIPA,,,0.0009871668311944718
AREQUIPA,CARAVELI,BELLA UNION,,,0.0009871668311944718
AREQUIPA,CARAVELI,CARAVELI,,,0.0004935834155972359
AREQUIPA,CARAVELI,CHALA,,,0.0034550839091806516
AREQUIPA,CARAVELI,CHAPARRA,,,0.0009871668311944718
AREQUIPA,CARAVELI,HUANUHUANU,,,0.0004935834155972359
AREQUIPA,CARAVELI,JAQUI,,,0.0009871668311944718
AREQUIPA,CARAVELI,LOMAS,,,0.0004935834155972359
AREQUIPA,CARAVELI,YAUCA,,,0.0009871668311944718
AREQUIPA,CASTILLA,ANDAGUA,,,0.0009871668311944718
AREQUIPA,CASTILLA,APLAO,,,0.003948667324777887
AREQUIPA,CASTILLA,CHACHAS,,,0.0004935834155972359
AREQUIPA,CASTILLA,CHILCAYMARCA,,,0.0004935834155972359
AREQUIPA,CASTILLA,HUANCARQUI,,,0.0014807502467917078
AREQUIPA,CASTILLA,PAMPACOLCA,,,0.0009871668311944718
AREQUIPA,CASTILLA,URACA,,,0.0034550839091806516
AREQUIPA,CAYLLOMA,ACHOMA,,,0.0009871668311944718
AREQUIPA,CAYLLOMA,CAYLLOMA,,,0.0029615004935834156
AREQUIPA,CAYLLOMA,CHIVAY,,,0.0019743336623889436
AREQUIPA,CAYLLOMA,COPORAQUE,,,0.0009871668311944718
AREQUIPA,CAYLLOMA,ICHUPAMPA,,,0.0004935834155972359
AREQUIPA,CAYLLOMA,LARI,,,0.0014807502467917078
AREQUIPA,CAYLLOMA,LLUTA,,,0.0019743336623889436
AREQUIPA,CAYLLOMA,MAJES,,,0.02912142152023692
AREQUIPA,CAYLLOMA,TAPAY,,,0.0009871668311944718
AREQUIPA,CONDESUYOS,ANDARAY,,,0.0009871668311944718
AREQUIPA,CONDESUYOS,CHUQUIBAMBA,,,0.0004935834155972359
AREQUIPA,CONDESUYOS,IRAY,,,0.0004935834155972359
AREQUIPA,CONDESUYOS,RIO GRANDE,,,0.0014807502467917078
AREQUIPA,CONDESUYOS,YANAQUIHUA,,,0.0019743336623889436
AREQUIPA,ISLAY,COCACHACRA,,,0.007403751233958539
AREQUIPA,ISLAY,DEAN VALDIVIA,,,0.0034550839091806516
AREQUIPA,ISLAY,ISLAY,,,0.0019743336623889436
AREQUIPA,ISLAY,MEJIA,,,0.0004935834155972359
AREQUIPA,ISLAY,MOLLENDO,,,0.018756169792694965
AREQUIPA,ISLAY,PUNTA DE BOMBON,,,0.0014807502467917078
AREQUIPA,LA UNION,COTAHUASI,,,0.0009871668311944718
AREQUIPA,LA UNION,HUAYNACOTAS,,,0.0009871668311944718
AREQUIPA,LA UNION,PAMPAMARCA,,,0.0004935834155972359
AREQUIPA,LA UNION,PUYCA,,,0.0004935834155972359
AREQUIPA,LA UNION,TOMEPAMPA,,,0.0004935834155972359
AYACUCHO,CANGALLO,CANGALLO,,,0.017857142857142856
AYACUCHO,CANGALLO,CHUSCHI,,,0.007936507936507936
AYACUCHO,CANGALLO,LOS MOROCHUCOS,,,0.00992063492063492
AYACUCHO,CANGALLO,MARIA PARADO DE BELLIDO,,,0.001984126984126984
AYACUCHO,CANGALLO,PARAS,,,0.005952380952380952
AYACUCHO,CANGALLO,TOTOS,,,0.001984126984126984
AYACUCHO,HUAMANGA,ACOCRO,,,0.005952380952380952
AYACUCHO,HUAMANGA,ACOS VINCHOS,,,0.001984126984126984
AYACUCHO,HUAMANGA,ANDRES AVELINO CACERES D.,,,0.015873015873015872
AYACUCHO,HUAMANGA,ANDRES AVELINO CACERES DORREGA,,,0.041666666666666664
AYACUCHO,HUAMANGA,ANDRES AVELINO CACERES DORREGARAY,,,0.007936507936507936
AYACUCHO,HUAMANGA,AYACUCHO,,,0.2876984126984127
AYACUCHO,HUAMANGA,CARMEN ALTO,,,0.013888888888888888
AYACUCHO,HUAMANGA,CARMEN ALTO 1/,,,0.017857142857142856
AYACUCHO,HUAMANGA,CHIARA,,,0.001984126984126984
AYACUCHO,HUAMANGA,JESUS NAZARENO,,,0.06547619047619048
AYACUCHO,HUAMANGA,PACAYCASA,,,0.00992063492063492
AYACUCHO,HUAMANGA,QUINUA,,,0.007936507936507936
AYACUCHO,HUAMANGA,SAN JOSE DE TICLLAS,,,0.007936507936507936
AYACUCHO,HUAMANGA,SAN JUAN BAUTISTA,,,0.08333333333333333
AYACUCHO,HUAMANGA,SOCOS,,,0.001984126984126984
AYACUCHO,HUAMANGA,TAMBILLO,,,0.001984126984126984
AYACUCHO,HUAMANGA,VINCHOS,,,0.001984126984126984
AYACUCHO,HUANCA SANCOS,SANCOS,,,0.003968253968253968
AYACUCHO,HUANTA,AYAHUANCO,,,0.001984126984126984
AYACUCHO,HUANTA,CANAYRE,,,0.001984126984126984
AYACUCHO,HUANTA,HUAMANGUILLA,,,0.001984126984126984
AYACUCHO,HUANTA,HUANTA,,,0.07142857142857142
AYACUCHO,HUANTA,IGUAIN,,,0.003968253968253968
AYACUCHO,HUANTA,LLOCHEGUA,,,0.00992063492063492
AYACUCHO,HUANTA,LURICOCHA,,,0.007936507936507936
AYACUCHO,HUANTA,PUCACOLPA,,,0.001984126984126984
AYACUCHO,HUANTA,SANTILLANA,,,0.001984126984126984
AYACUCHO,HUANTA,SIVIA,,,0.001984126984126984
AYACUCHO,HUANTA,UCHURACCAY,,,0.001984126984126984
AYACUCHO,LA MAR,ANCO,,,0.005952380952380952
AYACUCHO,LA MAR,AYNA,,,0.017857142857142856
AYACUCHO,LA MAR,SAMUGARI,,,0.005952380952380952
AYACUCHO,LA MAR,SAN MIGUEL,,,0.027777777777777776
AYACUCHO,LA MAR,SANTA ROSA,,,0.00992063492063492
AYACUCHO,LA MAR,TAMBO,,,0.00992063492063492
AYACUCHO,LUCANAS,AUCARA,,,0.007936507936507936
AYACUCHO,LUCANAS,CABANA,,,0.001984126984126984
AYACUCHO,LUCANAS,CHAVIÑA,,,0.003968253968253968
AYACUCHO,LUCANAS,CHIPAO,,,0.003968253968253968
AYACUCHO,LUCANAS,HUAC-HUAS,,,0.005952380952380952
AYACUCHO,LUCANAS,LARAMATE,,,0.001984126984126984
AYACUCHO,LUCANAS,LLAUTA,,,0.007936507936507936
AYACUCHO,LUCANAS,LUCANAS,,,0.001984126984126984
AYACUCHO,LUCANAS,OTOCA,,,0.001984126984126984
AYACUCHO,LUCANAS,PUQUIO,,,0.041666666666666664
AYACUCHO,LUCANAS,SAN CRISTOBAL,,,0.003968253968253968
AYACUCHO,LUCANAS,SAN JUAN,,,0.001984126984126984
AYACUCHO,LUCANAS,SAN PEDRO,,,0.001984126984126984
AYACUCHO,LUCANAS,SANCOS,,,0.005952380952380952
AYACUCHO,LUCANAS,SANTA ANA DE HUAYCAHUACHO,,,0.001984126984126984
AYACUCHO,LUCANAS,SANTA LUCIA,,,0.001984126984126984
AYACUCHO,PARINACOCHAS,CHUMPI,,,0.001984126984126984
AYACUCHO,PARINACOCHAS,CORACORA,,,0.013888888888888888
AYACUCHO,PARINACOCHAS,CORONEL CASTAÑEDA,,,0.001984126984126984
AYACUCHO,PARINACOCHAS,PACAPAUSA,,,0.001984126984126984
AYACUCHO,PARINACOCHAS,PULLO,,,0.001984126984126984
AYACUCHO,PARINACOCHAS,SAN FRANCISCO DE RAVACAYCO,,,0.003968253968253968
AYACUCHO,PAUCAR DEL SARA SARA,COLTA,,,0.003968253968253968
AYACUCHO,PAUCAR DEL SARA SARA,MARCABAMBA,,,0.003968253968253968
AYACUCHO,PAUCAR DEL SARA SARA,PAUSA,,,0.003968253968253968
AYACUCHO,PAUCAR DEL SARA SARA,SAN JOSE DE USHUA,,,0.001984126984126984
AYACUCHO,SUCRE,CHILCAYOC,,,0.001984126984126984
AYACUCHO,SUCRE,HUACAÑA,,,0.001984126984126984
AYACUCHO,SUCRE,MORCOLLA,,,0.003968253968253968
AYACUCHO,SUCRE,SAN SALVADOR DE QUIJE,,,0.001984126984126984
AYACUCHO,SUCRE,SANTIAGO DE PAUCARAY,,,0.001984126984126984
AYACUCHO,VICTOR FAJARDO,ALCAMENCA,,,0.003968253968253968
AYACUCHO,VICTOR FAJARDO,ASQUIPATA,,,0.001984126984126984
AYACUCHO,VICTOR FAJARDO,CANARIA,,,0.003968253968253968
AYACUCHO,VICTOR FAJARDO,CAYARA,,,0.001984126984126984
AYACUCHO,VICTOR FAJARDO,COLCA,,,0.003968253968253968
AYACUCHO,VICTOR FAJARDO,HUANCAPI,,,0.003968253968253968
AYACUCHO,VICTOR FAJARDO,HUANCARAYLLA,,,0.001984126984126984
AYACUCHO,VICTOR FAJARDO,VILCANCHOS,,,0.001984126984126984
AYACUCHO,VILCAS HUAMAN,CARHUANCA,,,0.001984126984126984
AYACUCHO,VILCAS HUAMAN,HUAMBALPA,,,0.001984126984126984
AYACUCHO,VILCAS HUAMAN,INDEPENDENCIA,,,0.001984126984126984
AYACUCHO,VILCAS HUAMAN,VILCAS HUAM-N,,,0.005952380952380952
AYACUCHO,VILCAS HUAMAN,VILCAS HUAMAN,,,0.003968253968253968
AYACUCHO,VILCAS HUAMAN,VISCHONGO,,,0.001984126984126984
CAJAMARCA,CAJABAMBA,CACHACHI,,,0.006242197253433208
CAJAMARCA,CAJABAMBA,CAJABAMBA,,,0.03245942571785269
CAJAMARCA,CAJABAMBA,CONDEBAMBA,,,0.0012484394506866417
CAJAMARCA,CAJABAMBA,SITACOCHA,,,0.0012484394506866417
CAJAMARCA,CAJAMARCA,ASUNCION,,,0.0012484394506866417
CAJAMARCA,CAJAMARCA,CAJAMARCA,,,0.2696629213483146
CAJAMARCA,CAJAMARCA,CHETILLA,,,0.0024968789013732834
CAJAMARCA,CAJAMARCA,ENCAÂ´.Â¢ADA,,,0.0012484394506866417
CAJAMARCA,CAJAMARCA,ENCAÑADA,,,0.011235955056179775
CAJAMARCA,CAJAMARCA,JESUS,,,0.0024968789013732834
CAJAMARCA,CAJAMARCA,LLACANORA,,,0.0012484394506866417
CAJAMARCA,CAJAMARCA,LOS BAÑOS DEL INCA,,,0.02122347066167291
CAJAMARCA,CAJAMARCA,MAGDALENA,,,0.004993757802746567
CAJAMARCA,CAJAMARCA,MATARA,,,0.0012484394506866417
CAJAMARCA,CAJAMARCA,NAMORA,,,0.0012484394506866417
CAJAMARCA,CELENDIN,CELEND-N,,,0.0012484394506866417
CAJAMARCA,CELENDIN,CELENDIN,,,0.018726591760299626
CAJAMARCA,CELENDIN,JOSE GALVEZ,,,0.004993757802746567
CAJAMARCA,CELENDIN,LA LIBERTAD DE PALLAN,,,0.0012484394506866417
CAJAMARCA,CELENDIN,MIGUEL IGLESIAS,,,0.0012484394506866417
CAJAMARCA,CELENDIN,OXAMARCA,,,0.0012484394506866417
CAJAMARCA,CELENDIN,SUCRE,,,0.0024968789013732834
CAJAMARCA,CHOTA,CHADIN,,,0.0012484394506866417
CAJAMARCA,CHOTA,CHIGUIRIP,,,0.0012484394506866417
CAJAMARCA,CHOTA,CHOTA,,,0.026217228464419477
CAJAMARCA,CHOTA,COCHABAMBA,,,0.0012484394506866417
CAJAMARCA,CHOTA,HUAMBOS,,,0.003745318352059925
CAJAMARCA,CHOTA,LAJAS,,,0.004993757802746567
CAJAMARCA,CHOTA,LLAMA,,,0.0012484394506866417
CAJAMARCA,CHOTA,MIRACOSTA,,,0.0012484394506866417
CAJAMARCA,CHOTA,PACCHA,,,0.0024968789013732834
CAJAMARCA,CHOTA,QUEROCOTO,,,0.00749063670411985
CAJAMARCA,CHOTA,TACABAMBA,,,0.0012484394506866417
CAJAMARCA,CONTUMAZA,CHILETE,,,0.011235955056179775
CAJAMARCA,CONTUMAZA,CONTUMAZA,,,0.003745318352059925
CAJAMARCA,CONTUMAZA,SAN BENITO,,,0.0012484394506866417
CAJAMARCA,CONTUMAZA,TANTARICA,,,0.0012484394506866417
CAJAMARCA,CONTUMAZA,YONAN,,,0.004993757802746567
CAJAMARCA,CUTERVO,CALLAYUC,,,0.006242197253433208
CAJAMARCA,CUTERVO,CUTERVO,,,0.03745318352059925
CAJAMARCA,CUTERVO,QUEROCOTILLO,,,0.0024968789013732834
CAJAMARCA,CUTERVO,SAN LUIS DE LUCMA,,,0.0024968789013732834
CAJAMARCA,CUTERVO,SANTA CRUZ,,,0.0012484394506866417
CAJAMARCA,CUTERVO,SANTO DOMINGO DE LA CAPILLA,,,0.0012484394506866417
CAJAMARCA,CUTERVO,SANTO TOMAS,,,0.0012484394506866417
CAJAMARCA,CUTERVO,SOCOTA,,,0.003745318352059925
CAJAMARCA,HUALGAYOC,BAMBAMARCA,,,0.017478152309612985
CAJAMARCA,HUALGAYOC,HUALGAYOC,,,0.003745318352059925
CAJAMARCA,JAEN,BELLAVISTA,,,0.012484394506866416
CAJAMARCA,JAEN,CHONTALI,,,0.0024968789013732834
CAJAMARCA,JAEN,COLASAY,,,0.0012484394506866417
CAJAMARCA,JAEN,HUABAL,,,0.0024968789013732834
CAJAMARCA,JAEN,JAEN,,,0.24344569288389514
CAJAMARCA,JAEN,LAS PIRIAS,,,0.0012484394506866417
CAJAMARCA,JAEN,POMAHUACA,,,0.0024968789013732834
CAJAMARCA,JAEN,PUCARA,,,0.012484394506866416
CAJAMARCA,JAEN,SALLIQUE,,,0.0024968789013732834
CAJAMARCA,JAEN,SAN FELIPE,,,0.0012484394506866417
CAJAMARCA,JAEN,SAN JOSE DEL ALTO,,,0.006242197253433208
CAJAMARCA,JAEN,SANTA ROSA,,,0.00749063670411985
CAJAMARCA,SAN IGNACIO,CHIRINOS,,,0.009987515605493134
CAJAMARCA,SAN IGNACIO,HUARANGO,,,0.019975031210986267
CAJAMARCA,SAN IGNACIO,LA COIPA,,,0.00749063670411985
CAJAMARCA,SAN IGNACIO,NAMBALLE,,,0.0024968789013732834
CAJAMARCA,SAN IGNACIO,SAN IGNACIO,,,0.016229712858926344
CAJAMARCA,SAN IGNACIO,SAN JOSE DE LOURDES,,,0.006242197253433208
CAJAMARCA,SAN IGNACIO,TABACONAS,,,0.004993757802746567
CAJAMARCA,SAN MARCOS,CHANCAY,,,0.003745318352059925
CAJAMARCA,SAN MARCOS,ICHOCAN,,,0.0012484394506866417
CAJAMARCA,SAN MARCOS,JOSE MANUEL QUIROZ,,,0.0012484394506866417
CAJAMARCA,SAN MARCOS,JOSE SABOGAL,,,0.0024968789013732834
CAJAMARCA,SAN MARCOS,PEDRO GALVEZ,,,0.016229712858926344
CAJAMARCA,SAN MIGUEL,EL PRADO,,,0.0012484394506866417
CAJAMARCA,SAN MIGUEL,LA FLORIDA,,,0.004993757802746567
CAJAMARCA,SAN MIGUEL,LLAPA,,,0.004993757802746567
CAJAMARCA,SAN MIGUEL,NIEPOS,,,0.006242197253433208
CAJAMARCA,SAN MIGUEL,SAN GREGORIO,,,0.0024968789013732834
CAJAMARCA,SAN MIGUEL,SAN MIGUEL,,,0.006242197253433208
CAJAMARCA,SAN MIGUEL,SAN SILVESTRE DE COCHAN,,,0.0012484394506866417
CAJAMARCA,SAN MIGUEL,TONGOD,,,0.003745318352059925
CAJAMARCA,SAN MIGUEL,UNION AGUA BLANCA,,,0.0024968789013732834
CAJAMARCA,SAN PABLO,SAN BERNARDINO,,,0.0012484394506866417
CAJAMARCA,SAN PABLO,SAN LUIS,,,0.0012484394506866417
CAJAMARCA,SAN PABLO,SAN PABLO,,,0.00749063670411985
CAJAMARCA,SANTA CRUZ,CATACHE,,,0.004993757802746567
CAJAMARCA,SANTA CRUZ,CHANCAYBAÑOS,,,0.003745318352059925
CAJAMARCA,SANTA CRUZ,NINABAMBA,,,0.0012484394506866417
CAJAMARCA,SANTA CRUZ,PULAN,,,0.0012484394506866417
CAJAMARCA,SANTA CRUZ,SANTA CRUZ,,,0.009987515605493134
CAJAMARCA,SANTA CRUZ,SAUCEPAMPA,,,0.0024968789013732834
CAJAMARCA,SANTA CRUZ,YAUYUCAN,,,0.0012484394506866417
CALLAO,CALLAO,BELLAVISTA,,,0.0877755511022044
CALLAO,CALLAO,CALLAO,,,0.5571142284569138
CALLAO,CALLAO,CARMEN DE LA LEGUA REYNOSO,,,0.022044088176352707
CALLAO,CALLAO,CARMEN DE LA LEGUA-REYNOSO,,,0.03246492985971944
CALLAO,CALLAO,LA PERLA,,,0.052104208416833664
CALLAO,CALLAO,LA PUNTA,,,0.006012024048096192
CALLAO,CALLAO,MI PERU,,,0.020440881763527055
CALLAO,CALLAO,VENTANILLA,,,0.15751503006012024
CALLAO,LIMA,CARABAYLLO,,,0.0004008016032064128
CALLAO,LIMA,LIMA,,,0.0004008016032064128
CALLAO,LIMA,PUENTE PIEDRA,,,0.0004008016032064128
CALLAO,LIMA,SAN MARTIN DE PORRES,,,0.0012024048096192384
CALLAO,LIMA,SAN MIGUEL,,,0.0004008016032064128
CALLAO,MORROPON,MORROPON,,,0.0004008016032064128
CUSCO,ACOMAYO,ACOMAYO,,,0.006587615283267457
CUSCO,ACOMAYO,ACOPIA,,,0.0013175230566534915
CUSCO,ACOMAYO,ACOS,,,0.002635046113306983
CUSCO,ACOMAYO,SANGARARA,,,0.0013175230566534915
CUSCO,ANTA,ANCAHUASI,,,0.005270092226613966
CUSCO,ANTA,ANTA,,,0.019762845849802372
CUSCO,ANTA,CACHIMAYO,,,0.0013175230566534915
CUSCO,ANTA,HUAROCONDO,,,0.006587615283267457
CUSCO,ANTA,LIMATAMBO,,,0.0013175230566534915
CUSCO,ANTA,MOLLEPATA,,,0.002635046113306983
CUSCO,ANTA,PUCYURA,,,0.003952569169960474
CUSCO,ANTA,ZURITE,,,0.003952569169960474
CUSCO,CALCA,CALCA,,,0.013175230566534914
CUSCO,CALCA,COYA,,,0.0013175230566534915
CUSCO,CALCA,PISAC,,,0.005270092226613966
CUSCO,CALCA,YANATILE,,,0.0013175230566534915
CUSCO,CANAS,CHECCA,,,0.002635046113306983
CUSCO,CANAS,KUNTURKANKI,,,0.003952569169960474
CUSCO,CANAS,LANGUI,,,0.0013175230566534915
CUSCO,CANAS,LAYO,,,0.003952569169960474
CUSCO,CANAS,QUEHUE,,,0.002635046113306983
CUSCO,CANAS,TUPAC AMARU,,,0.0013175230566534915
CUSCO,CANAS,YANAOCA,,,0.002635046113306983
CUSCO,CANCHIS,CHECACUPE,,,0.005270092226613966
CUSCO,CANCHIS,COMBAPATA,,,0.0013175230566534915
CUSCO,CANCHIS,MARANGANI,,,0.003952569169960474
CUSCO,CANCHIS,PITUMARCA,,,0.002635046113306983
CUSCO,CANCHIS,SAN PABLO,,,0.005270092226613966
CUSCO,CANCHIS,SAN PEDRO,,,0.002635046113306983
CUSCO,CANCHIS,SICUANI,,,0.07378129117259552
CUSCO,CANCHIS,TINTA,,,0.003952569169960474
CUSCO,CHUMBIVILCAS,CHAMACA,,,0.002635046113306983
CUSCO,CHUMBIVILCAS,LIVITACA,,,0.002635046113306983
CUSCO,CHUMBIVILCAS,LLUSCO,,,0.002635046113306983
CUSCO,CHUMBIVILCAS,SANTO TOMAS,,,0.021080368906455864
CUSCO,CHUMBIVILCAS,VELILLE,,,0.007905138339920948
CUSCO,CUSCO,CCORCA,,,0.0013175230566534915
CUSCO,CUSCO,CUSCO,,,0.1541501976284585
CUSCO,CUSCO,POROY,,,0.00922266139657444
CUSCO,CUSCO,SAN JERONIMO,,,0.03557312252964427
CUSCO,CUSCO,SAN SEBASTIAN,,,0.08036890645586298
CUSCO,CUSCO,SANTIAGO,,,0.11725955204216074
CUSCO,CUSCO,SAYLLA,,,0.003952569169960474
CUSCO,CUSCO,WANCHAQ,,,0.11330698287220026
CUSCO,ESPINAR,ALTO PICHIGUA,,,0.0013175230566534915
CUSCO,ESPINAR,COPORAQUE,,,0.002635046113306983
CUSCO,ESPINAR,ESPINAR,,,0.017127799736495388
CUSCO,ESPINAR,PALLPATA,,,0.0013175230566534915
CUSCO,ESPINAR,PICHIGUA,,,0.0013175230566534915
CUSCO,LA CONVENCION,ECHARATE,,,0.013175230566534914
CUSCO,LA CONVENCION,HUAYOPATA,,,0.005270092226613966
CUSCO,LA CONVENCION,KIMBIRI,,,0.003952569169960474
CUSCO,LA CONVENCION,MARANURA,,,0.006587615283267457
CUSCO,LA CONVENCION,MEGANTONI,,,0.002635046113306983
CUSCO,LA CONVENCION,PICHARI,,,0.005270092226613966
CUSCO,LA CONVENCION,QUELLOUNO,,,0.003952569169960474
CUSCO,LA CONVENCION,SANTA ANA,,,0.07905138339920949
CUSCO,LA CONVENCION,SANTA TERESA,,,0.0013175230566534915
CUSCO,LA CONVENCION,VILCABAMBA,,,0.0013175230566534915
CUSCO,LA CONVENCION,VILLA VIRGEN,,,0.0013175230566534915
CUSCO,PARURO,ACCHA,,,0.0013175230566534915
CUSCO,PARURO,CCAPI,,,0.0013175230566534915
CUSCO,PARURO,COLCHA,,,0.002635046113306983
CUSCO,PARURO,HUANOQUITE,,,0.0013175230566534915
CUSCO,PARURO,PACCARITAMBO,,,0.0013175230566534915
CUSCO,PAUCARTAMBO,CAICAY,,,0.0013175230566534915
CUSCO,PAUCARTAMBO,HUANCARANI,,,0.0013175230566534915
CUSCO,PAUCARTAMBO,KOSÂ´.Â¢IPATA,,,0.0013175230566534915
CUSCO,PAUCARTAMBO,PAUCARTAMBO,,,0.003952569169960474
CUSCO,QUISPICANCHI,ANDAHUAYLILLAS,,,0.003952569169960474
CUSCO,QUISPICANCHI,CAMANTI,,,0.0013175230566534915
CUSCO,QUISPICANCHI,CCARHUAYO,,,0.0013175230566534915
CUSCO,QUISPICANCHI,CCATCA,,,0.002635046113306983
CUSCO,QUISPICANCHI,CUSIPATA,,,0.007905138339920948
CUSCO,QUISPICANCHI,LUCRE,,,0.002635046113306983
CUSCO,QUISPICANCHI,OCONGATE,,,0.005270092226613966
CUSCO,QUISPICANCHI,OROPESA,,,0.006587615283267457
CUSCO,QUISPICANCHI,QUIQUIJANA,,,0.002635046113306983
CUSCO,QUISPICANCHI,URCOS,,,0.014492753623188406
CUSCO,URUBAMBA,CHINCHERO,,,0.006587615283267457
CUSCO,URUBAMBA,MARAS,,,0.003952569169960474
CUSCO,URUBAMBA,OLLANTAYTAMBO,,,0.006587615283267457
CUSCO,URUBAMBA,URUBAMBA,,,0.021080368906455864
CUSCO,URUBAMBA,YUCAY,,,0.002635046113306983
HUANCAVELICA,ACOBAMBA,ACOBAMBA,,,0.030303030303030304
HUANCAVELICA,ACOBAMBA,PAUCARA,,,0.012987012987012988
HUANCAVELICA,ANGARAES,ANCHONGA,,,0.008658008658008658
HUANCAVELICA,ANGARAES,CCOCHACCASA,,,0.004329004329004329
HUANCAVELICA,ANGARAES,CONGALLA,,,0.004329004329004329
HUANCAVELICA,ANGARAES,JULCAMARCA,,,0.008658008658008658
HUANCAVELICA,ANGARAES,LIRCAY,,,0.08225108225108226
HUANCAVELICA,CASTROVIRREYNA,ARMA,,,0.004329004329004329
HUANCAVELICA,CASTROVIRREYNA,AURAHUA,,,0.004329004329004329
HUANCAVELICA,CASTROVIRREYNA,CASTROVIRREYNA,,,0.008658008658008658
HUANCAVELICA,CASTROVIRREYNA,CHUPAMARCA,,,0.004329004329004329
HUANCAVELICA,CASTROVIRREYNA,COCAS,,,0.004329004329004329
HUANCAVELICA,CASTROVIRREYNA,HUACHOS,,,0.008658008658008658
HUANCAVELICA,CASTROVIRREYNA,SAN JUAN,,,0.004329004329004329
HUANCAVELICA,CASTROVIRREYNA,SANTA ANA,,,0.008658008658008658
HUANCAVELICA,CASTROVIRREYNA,TICRAPO,,,0.004329004329004329
HUANCAVELICA,CHURCAMPA,ANCO,,,0.012987012987012988
HUANCAVELICA,CHURCAMPA,CHINCHIHUASI,,,0.004329004329004329
HUANCAVELICA,CHURCAMPA,CHURCAMPA,,,0.017316017316017316
HUANCAVELICA,CHURCAMPA,LA MERCED,,,0.008658008658008658
HUANCAVELICA,CHURCAMPA,LOCROJA,,,0.008658008658008658
HUANCAVELICA,CHURCAMPA,PAUCARBAMBA,,,0.012987012987012988
HUANCAVELICA,HUANCAVELICA,ACOBAMBILLA,,,0.017316017316017316
HUANCAVELICA,HUANCAVELICA,ACORIA,,,0.03463203463203463
HUANCAVELICA,HUANCAVELICA,ASCENSION,,,0.030303030303030304
HUANCAVELICA,HUANCAVELICA,CONAYCA,,,0.008658008658008658
HUANCAVELICA,HUANCAVELICA,HUACHOCOLPA,,,0.004329004329004329
HUANCAVELICA,HUANCAVELICA,HUANCAVELICA,,,0.29004329004329005
HUANCAVELICA,HUANCAVELICA,HUANDO,,,0.017316017316017316
HUANCAVELICA,HUANCAVELICA,PALCA,,,0.012987012987012988
HUANCAVELICA,HUANCAVELICA,PILCHACA,,,0.008658008658008658
HUANCAVELICA,HUANCAVELICA,VILCA,,,0.012987012987012988
HUANCAVELICA,HUANCAVELICA,YAULI,,,0.017316017316017316
HUANCAVELICA,HUAROCHIRI,SANTA EULALIA,,,0.004329004329004329
HUANCAVELICA,HUAYTARA,AYAVI,,,0.008658008658008658
HUANCAVELICA,HUAYTARA,CORDOVA,,,0.012987012987012988
HUANCAVELICA,HUAYTARA,HUAYACUNDO ARMA,,,0.008658008658008658
HUANCAVELICA,HUAYTARA,HUAYTARA,,,0.012987012987012988
HUANCAVELICA,HUAYTARA,LARAMARCA,,,0.004329004329004329
HUANCAVELICA,HUAYTARA,QUITO ARMA,,,0.004329004329004329
HUANCAVELICA,HUAYTARA,SAN FRANCISCO DE SANGAYAICO,,,0.004329004329004329
HUANCAVELICA,HUAYTARA,SANTIAGO DE CHOCORVOS,,,0.025974025974025976
HUANCAVELICA,HUAYTARA,TAMBO,,,0.004329004329004329
HUANCAVELICA,TAYACAJA,ACOSTAMBO,,,0.008658008658008658
HUANCAVELICA,TAYACAJA,ACRAQUIA,,,0.021645021645021644
HUANCAVELICA,TAYACAJA,AHUAYCHA,,,0.008658008658008658
HUANCAVELICA,TAYACAJA,COLCABAMBA,,,0.004329004329004329
HUANCAVELICA,TAYACAJA,DANIEL HERNANDEZ,,,0.012987012987012988
HUANCAVELICA,TAYACAJA,HUACHOCOLPA,,,0.004329004329004329
HUANCAVELICA,TAYACAJA,HUARIBAMBA,,,0.012987012987012988
HUANCAVELICA,TAYACAJA,PAMPAS,,,0.06493506493506493
HUANCAVELICA,TAYACAJA,PAZOS,,,0.004329004329004329
HUANCAVELICA,TAYACAJA,PICHOS,,,0.008658008658008658
HUANCAVELICA,TAYACAJA,QUICHUAS,,,0.004329004329004329
HUANCAVELICA,TAYACAJA,SALCABAMBA,,,0.012987012987012988
HUANCAVELICA,TAYACAJA,SAN MARCOS DE ROCCHAC,,,0.004329004329004329
HUANCAVELICA,TAYACAJA,SURCUBAMBA,,,0.004329004329004329
HUANCAVELICA,TAYACAJA,ÑAHUIMPUQUIO,,,0.008658008658008658
HUANUCO,AMBO,AMBO,,,0.02617801047120419
HUANUCO,AMBO,CAYNA,,,0.0013089005235602095
HUANUCO,AMBO,COLPAS,,,0.0013089005235602095
HUANUCO,AMBO,CONCHAMARCA,,,0.003926701570680628
HUANUCO,AMBO,HUACAR,,,0.007853403141361256
HUANUCO,AMBO,SAN RAFAEL,,,0.005235602094240838
HUANUCO,AMBO,TOMAY KICHWA,,,0.0013089005235602095
HUANUCO,AMBO,TOMAY-KICHWA,,,0.0013089005235602095
HUANUCO,DOS DE MAYO,APARICIO POMARES (CHUPAN),,,0.0013089005235602095
HUANUCO,DOS DE MAYO,CHUQUIS,,,0.0013089005235602095
HUANUCO,DOS DE MAYO,HUALLANCA,,,0.0013089005235602095
HUANUCO,DOS DE MAYO,LA UNION,,,0.007853403141361256
HUANUCO,DOS DE MAYO,PACHAS,,,0.005235602094240838
HUANUCO,DOS DE MAYO,QUIVILLA,,,0.0013089005235602095
HUANUCO,DOS DE MAYO,RIPAN,,,0.005235602094240838
HUANUCO,DOS DE MAYO,RONDOS,,,0.0013089005235602095
HUANUCO,DOS DE MAYO,SAN FRANCISCO DE ASIS,,,0.0013089005235602095
HUANUCO,DOS DE MAYO,SILLAPATA,,,0.002617801047120419
HUANUCO,DOS DE MAYO,YANAS,,,0.0013089005235602095
HUANUCO,HUACAYBAMBA,HUACAYBAMBA,,,0.003926701570680628
HUANUCO,HUACAYBAMBA,PINRA,,,0.0013089005235602095
HUANUCO,HUAMALIES,JACAS GRANDE,,,0.002617801047120419
HUANUCO,HUAMALIES,LLATA,,,0.009162303664921465
HUANUCO,HUAMALIES,MIRAFLORES,,,0.0013089005235602095
HUANUCO,HUAMALIES,MONZON,,,0.013089005235602094
HUANUCO,HUAMALIES,PUÑOS,,,0.002617801047120419
HUANUCO,HUANUCO,AMARILIS,,,0.14659685863874344
HUANUCO,HUANUCO,CHINCHAO,,,0.005235602094240838
HUANUCO,HUANUCO,CHURUBAMBA,,,0.005235602094240838
HUANUCO,HUANUCO,HUANUCO,,,0.3481675392670157
HUANUCO,HUANUCO,MARGOS,,,0.006544502617801047
HUANUCO,HUANUCO,PILLCO MARCA,,,0.0549738219895288
HUANUCO,HUANUCO,QUISQUI,,,0.003926701570680628
HUANUCO,HUANUCO,SAN FRANCISCO DE CAYRAN,,,0.006544502617801047
HUANUCO,HUANUCO,SAN PABLO DE PILLAO,,,0.002617801047120419
HUANUCO,HUANUCO,SAN PEDRO DE CHAULAN,,,0.0013089005235602095
HUANUCO,HUANUCO,SANTA MARIA DEL VALLE,,,0.020942408376963352
HUANUCO,HUANUCO,YACUS,,,0.0013089005235602095
HUANUCO,HUANUCO,YARUMAYO,,,0.0013089005235602095
HUANUCO,LAURICOCHA,BAÑOS,,,0.002617801047120419
HUANUCO,LAURICOCHA,JESUS,,,0.0013089005235602095
HUANUCO,LAURICOCHA,JIVIA,,,0.0013089005235602095
HUANUCO,LAURICOCHA,RONDOS,,,0.0013089005235602095
HUANUCO,LAURICOCHA,SAN FRANCISCO DE ASIS,,,0.002617801047120419
HUANUCO,LEONCIO PRADO,CASTILLO GRANDE,,,0.014397905759162303
HUANUCO,LEONCIO PRADO,DANIEL ALOMIA ROBLES,,,0.002617801047120419
HUANUCO,LEONCIO PRADO,HERMILIO VALDIZAN,,,0.002617801047120419
HUANUCO,LEONCIO PRADO,JOSE CRESPO Y CASTILLO,,,0.032722513089005235
HUANUCO,LEONCIO PRADO,LUYANDO,,,0.009162303664921465
HUANUCO,LEONCIO PRADO,MARIANO DAMASO BERAUN,,,0.007853403141361256
HUANUCO,LEONCIO PRADO,PUCAYACU,,,0.002617801047120419
HUANUCO,LEONCIO PRADO,PUEBLO NUEVO,,,0.0013089005235602095
HUANUCO,LEONCIO PRADO,RUPA RUPA,,,0.002617801047120419
HUANUCO,LEONCIO PRADO,RUPA-RUPA,,,0.1518324607329843
HUANUCO,LEONCIO PRADO,SANTO DOMINGO DE ANDA,,,0.0013089005235602095
HUANUCO,MARAÑON,CHOLON,,,0.002617801047120419
HUANUCO,MARAÑON,HUACRACHUCO,,,0.002617801047120419
HUANUCO,PACHITEA,CHAGLLA,,,0.002617801047120419
HUANUCO,PACHITEA,MOLINO,,,0.005235602094240838
HUANUCO,PACHITEA,PANAO,,,0.006544502617801047
HUANUCO,PACHITEA,UMARI,,,0.003926701570680628
HUANUCO,PUERTO INCA,CODO DEL POZUZO,,,0.002617801047120419
HUANUCO,PUERTO INCA,HONORIA,,,0.002617801047120419
HUANUCO,PUERTO INCA,PUERTO INCA,,,0.005235602094240838
HUANUCO,PUERTO INCA,TOURNAVISTA,,,0.0013089005235602095
HUANUCO,YAROWILCA,CHAVINILLO,,,0.003926701570680628
HUANUCO,YAROWILCA,CHORAS,,,0.002617801047120419
HUANUCO,YAROWILCA,JACAS CHICO,,,0.0013089005235602095
HUANUCO,YAROWILCA,PAMPAMARCA,,,0.0013089005235602095
ICA,CHINCHA,ALTO LARAN,,,0.007026789635485288
ICA,CHINCHA,CHAVIN,,,0.0013175230566534915
ICA,CHINCHA,CHINCHA ALTA,,,0.15898111550285463
ICA,CHINCHA,CHINCHA BAJA,,,0.01932367149758454
ICA,CHINCHA,EL CARMEN,,,0.00878348704435661
ICA,CHINCHA,GROCIO PRADO,,,0.06895037329819939
ICA,CHINCHA,PUEBLO NUEVO,,,0.04830917874396135
ICA,CHINCHA,SAN JUAN DE YANAC,,,0.0004391743522178305
ICA,CHINCHA,SUNAMPE,,,0.04567413263065437
ICA,CHINCHA,TAMBO DE MORA,,,0.005709266578831796
ICA,ICA,ICA,,,0.2015810276679842
ICA,ICA,LA TINGUINA,,,0.000878348704435661
ICA,ICA,LA TINGUIÂ´.Â¢A,,,0.001756697408871322
ICA,ICA,LA TINGUIÑA,,,0.03162055335968379
ICA,ICA,LOS AQUIJES,,,0.017127799736495388
ICA,ICA,OCUCAJE,,,0.003952569169960474
ICA,ICA,PACHACUTEC,,,0.011857707509881422
ICA,ICA,PARCONA,,,0.04084321475625823
ICA,ICA,PUEBLO NUEVO,,,0.006148440931049627
ICA,ICA,SALAS,,,0.014931927975406236
ICA,ICA,SAN JOSE DE LOS MOLINOS,,,0.007465963987703118
ICA,ICA,SAN JUAN BAUTISTA,,,0.007465963987703118
ICA,ICA,SANTIAGO,,,0.021519543258673692
ICA,ICA,SUBTANJALLA,,,0.021080368906455864
ICA,ICA,TATE,,,0.011418533157663592
ICA,ICA,YAUCA DEL ROSARIO,,,0.004391743522178305
ICA,NASCA,NASCA,,,0.000878348704435661
ICA,NAZCA,CHANGUILLO,,,0.0004391743522178305
ICA,NAZCA,EL INGENIO,,,0.001756697408871322
ICA,NAZCA,MARCONA,,,0.014053579270970576
ICA,NAZCA,NAZCA,,,0.02678963548528766
ICA,NAZCA,VISTA ALEGRE,,,0.013175230566534914
ICA,PALPA,PALPA,,,0.012736056214317084
ICA,PALPA,RIO GRANDE,,,0.005270092226613966
ICA,PALPA,SANTA CRUZ,,,0.0013175230566534915
ICA,PISCO,HUANCANO,,,0.0013175230566534915
ICA,PISCO,HUMAY,,,0.003952569169960474
ICA,PISCO,INDEPENDENCIA,,,0.006587615283267457
ICA,PISCO,PARACAS,,,0.005270092226613966
ICA,PISCO,PISCO,,,0.07553798858146685
ICA,PISCO,SAN ANDRES,,,0.016249451032059728
ICA,PISCO,SAN CLEMENTE,,,0.026350461133069828
ICA,PISCO,TUPAC AMARU INCA,,,0.01844532279314888
JUNIN,CHANCHAMAYO,CHANCHAMAYO,,,0.05139882888744307
JUNIN,CHANCHAMAYO,PERENE,,,0.04554326610279766
JUNIN,CHANCHAMAYO,PICHANAQUI,,,0.029277813923227064
JUNIN,CHANCHAMAYO,SAN LUIS DE SHUARO,,,0.005855562784645413
JUNIN,CHANCHAMAYO,SAN RAMON,,,0.034482758620689655
JUNIN,CHUPACA,AHUAC,,,0.003903708523096942
JUNIN,CHUPACA,CHONGOS BAJO,,,0.0032530904359141183
JUNIN,CHUPACA,CHUPACA,,,0.025374105400130124
JUNIN,CHUPACA,HUACHAC,,,0.0006506180871828237
JUNIN,CHUPACA,HUAMANCACA CHICO,,,0.008458035133376708
JUNIN,CHUPACA,SAN JUAN DE ISCOS,,,0.001951854261548471
JUNIN,CHUPACA,SAN JUAN DE JARPA,,,0.0013012361743656475
JUNIN,CHUPACA,TRES DE DICIEMBRE,,,0.0013012361743656475
JUNIN,CHUPACA,YANACANCHA,,,0.001951854261548471
JUNIN,CONCEPCION,ACO,,,0.001951854261548471
JUNIN,CONCEPCION,ANDAMARCA,,,0.0006506180871828237
JUNIN,CONCEPCION,COMAS,,,0.008458035133376708
JUNIN,CONCEPCION,CONCEPCION,,,0.009759271307742356
JUNIN,CONCEPCION,HEROINAS TOLEDO,,,0.0013012361743656475
JUNIN,CONCEPCION,MANZANARES,,,0.0013012361743656475
JUNIN,CONCEPCION,MATAHUASI,,,0.0006506180871828237
JUNIN,CONCEPCION,MITO,,,0.0013012361743656475
JUNIN,CONCEPCION,NUEVE DE JULIO,,,0.0006506180871828237
JUNIN,CONCEPCION,ORCOTUNA,,,0.00520494469746259
JUNIN,CONCEPCION,SAN JOSE DE QUERO,,,0.001951854261548471
JUNIN,HUANCAYO,CARHUACALLANGA,,,0.0013012361743656475
JUNIN,HUANCAYO,CHACAPAMPA,,,0.0006506180871828237
JUNIN,HUANCAYO,CHICCHE,,,0.0006506180871828237
JUNIN,HUANCAYO,CHILCA,,,0.0741704619388419
JUNIN,HUANCAYO,CHUPURO,,,0.0006506180871828237
JUNIN,HUANCAYO,COLCA,,,0.0013012361743656475
JUNIN,HUANCAYO,EL TAMBO,,,0.15484710474951205
JUNIN,HUANCAYO,HUALHUAS,,,0.001951854261548471
JUNIN,HUANCAYO,HUANCAN,,,0.009108653220559532
JUNIN,HUANCAYO,HUANCAYO,,,0.1873780091086532
JUNIN,HUANCAYO,HUAYUCACHI,,,0.0032530904359141183
JUNIN,HUANCAYO,PARIAHUANCA,,,0.0006506180871828237
JUNIN,HUANCAYO,PILCOMAYO,,,0.013662979830839297
JUNIN,HUANCAYO,PUCARA,,,0.004554326610279766
JUNIN,HUANCAYO,QUICHUAY,,,0.0032530904359141183
JUNIN,HUANCAYO,QUILCAS,,,0.001951854261548471
JUNIN,HUANCAYO,SAN AGUSTIN,,,0.011060507482108002
JUNIN,HUANCAYO,SAN JERONIMO DE TUNAN,,,0.006506180871828237
JUNIN,HUANCAYO,SANTO DOMINGO DE ACOBAMBA,,,0.001951854261548471
JUNIN,HUANCAYO,SAPALLANGA,,,0.01040988939492518
JUNIN,HUANCAYO,SAÑO,,,0.002602472348731295
JUNIN,HUANCAYO,SICAYA,,,0.0013012361743656475
JUNIN,HUANCAYO,VIQUES,,,0.0013012361743656475
JUNIN,JAUJA,ACOLLA,,,0.004554326610279766
JUNIN,JAUJA,APATA,,,0.0013012361743656475
JUNIN,JAUJA,ATAURA,,,0.0006506180871828237
JUNIN,JAUJA,EL MANTARO,,,0.0006506180871828237
JUNIN,JAUJA,HUAMALI,,,0.001951854261548471
JUNIN,JAUJA,HUERTAS,,,0.0013012361743656475
JUNIN,JAUJA,JAUJA,,,0.013012361743656473
JUNIN,JAUJA,LEONOR ORDOÑEZ,,,0.0006506180871828237
JUNIN,JAUJA,LLOCLLAPAMPA,,,0.0006506180871828237
JUNIN,JAUJA,MARCO,,,0.0013012361743656475
JUNIN,JAUJA,MASMA,,,0.002602472348731295
JUNIN,JAUJA,MOLINOS,,,0.0013012361743656475
JUNIN,JAUJA,MONOBAMBA,,,0.0006506180871828237
JUNIN,JAUJA,MUQUI,,,0.0006506180871828237
JUNIN,JAUJA,MUQUIYAUYO,,,0.0013012361743656475
JUNIN,JAUJA,PACA,,,0.002602472348731295
JUNIN,JAUJA,PARCO,,,0.0006506180871828237
JUNIN,JAUJA,POMACANCHA,,,0.0013012361743656475
JUNIN,JAUJA,SAN LORENZO,,,0.0013012361743656475
JUNIN,JAUJA,SAUSA,,,0.002602472348731295
JUNIN,JAUJA,YAULI,,,0.0013012361743656475
JUNIN,JAUJA,YAUYOS,,,0.004554326610279766
JUNIN,JUNIN,CARHUAMAYO,,,0.005855562784645413
JUNIN,JUNIN,JUN-N,,,0.002602472348731295
JUNIN,JUNIN,JUNIN,,,0.011060507482108002
JUNIN,JUNIN,ONDORES,,,0.0032530904359141183
JUNIN,JUNIN,ULCUMAYO,,,0.002602472348731295
JUNIN,SATIPO,COVIRIALI,,,0.003903708523096942
JUNIN,SATIPO,MAZAMARI,,,0.006506180871828237
JUNIN,SATIPO,PANGOA,,,0.03188028627195836
JUNIN,SATIPO,RIO NEGRO,,,0.006506180871828237
JUNIN,SATIPO,RIO TAMBO,,,0.0006506180871828237
JUNIN,SATIPO,SATIPO,,,0.02081977878985036
JUNIN,SATIPO,VIZCATAN DEL ENE,,,0.0006506180871828237
JUNIN,TARMA,ACOBAMBA,,,0.003903708523096942
JUNIN,TARMA,HUASAHUASI,,,0.004554326610279766
JUNIN,TARMA,LA UNION,,,0.0032530904359141183
JUNIN,TARMA,PALCA,,,0.0013012361743656475
JUNIN,TARMA,PALCAMAYO,,,0.004554326610279766
JUNIN,TARMA,SAN PEDRO DE CAJAS,,,0.0006506180871828237
JUNIN,TARMA,TAPO,,,0.0013012361743656475
JUNIN,TARMA,TARMA,,,0.057905009759271306
JUNIN,YAULI,CHACAPALPA,,,0.0013012361743656475
JUNIN,YAULI,LA OROYA,,,0.022121014964216004
JUNIN,YAULI,MOROCOCHA,,,0.0006506180871828237
JUNIN,YAULI,PACCHA,,,0.001951854261548471
JUNIN,YAULI,SANTA ROSA DE SACCO,,,0.0071567989590110605
JUNIN,YAULI,SUITUCANCHA,,,0.0013012361743656475
JUNIN,YAULI,YAULI,,,0.002602472348731295
LA LIBERTAD,ASCOPE,ASCOPE,,,0.005239259517988124
LA LIBERTAD,ASCOPE,CASA GRANDE,,,0.022703457911281873
LA LIBERTAD,ASCOPE,CHICAMA,,,0.008732099196646874
LA LIBERTAD,ASCOPE,CHOCOPE,,,0.012574222843171499
LA LIBERTAD,ASCOPE,MAGDALENA DE CAO,,,0.0024449877750611247
LA LIBERTAD,ASCOPE,PAIJAN,,,0.011875654907439748
LA LIBERTAD,ASCOPE,RAZURI,,,0.004889975550122249
LA LIBERTAD,ASCOPE,SANTIAGO DE CAO,,,0.019559902200488997
LA LIBERTAD,BOLIVAR,BAMBAMARCA,,,0.00034928396786587494
LA LIBERTAD,CHEPEN,CHEP+N,,,0.03597624869018512
LA LIBERTAD,CHEPEN,CHEPEN,,,0.02619629758994062
LA LIBERTAD,CHEPEN,PACANGA,,,0.0062871114215857496
LA LIBERTAD,CHEPEN,PUEBLO NUEVO,,,0.0045406915822563745
LA LIBERTAD,GRAN CHIMU,CASCAS,,,0.005239259517988124
LA LIBERTAD,GRAN CHIMU,COMPIN,,,0.00034928396786587494
LA LIBERTAD,GRAN CHIMU,LUCMA,,,0.0013971358714634998
LA LIBERTAD,GRAN CHIMU,MARMOT,,,0.00034928396786587494
LA LIBERTAD,GRAN CHIMU,SAYAPULLO,,,0.00034928396786587494
LA LIBERTAD,JULCAN,CALAMARCA,,,0.0006985679357317499
LA LIBERTAD,JULCAN,CARABAMBA,,,0.0013971358714634998
LA LIBERTAD,JULCAN,JULCAN,,,0.0006985679357317499
LA LIBERTAD,OTUZCO,AGALLPAMPA,,,0.00209570380719525
LA LIBERTAD,OTUZCO,CHARAT,,,0.00034928396786587494
LA LIBERTAD,OTUZCO,HUARANCHAL,,,0.00034928396786587494
LA LIBERTAD,OTUZCO,LA CUESTA,,,0.00034928396786587494
LA LIBERTAD,OTUZCO,MACHE,,,0.0017464198393293748
LA LIBERTAD,OTUZCO,OTUZCO,,,0.010129235068110374
LA LIBERTAD,OTUZCO,SALPO,,,0.0006985679357317499
LA LIBERTAD,OTUZCO,SINSICAP,,,0.0006985679357317499
LA LIBERTAD,OTUZCO,USQUIL,,,0.0017464198393293748
LA LIBERTAD,PACASMAYO,GUADALUPE,,,0.02444987775061125
LA LIBERTAD,PACASMAYO,JEQUETEPEQUE,,,0.001047851903597625
LA LIBERTAD,PACASMAYO,PACASMAYO,,,0.020957038071952497
LA LIBERTAD,PACASMAYO,SAN JOSE,,,0.0031435557107928748
LA LIBERTAD,PACASMAYO,SAN PEDRO DE LLOC,,,0.008732099196646874
LA LIBERTAD,PATAZ,BULDIBUYO,,,0.00034928396786587494
LA LIBERTAD,PATAZ,CHILLIA,,,0.001047851903597625
LA LIBERTAD,PATAZ,HUANCASPATA,,,0.00034928396786587494
LA LIBERTAD,PATAZ,PARCOY,,,0.0024449877750611247
LA LIBERTAD,PATAZ,PATAZ,,,0.00209570380719525
LA LIBERTAD,PATAZ,PIAS,,,0.00034928396786587494
LA LIBERTAD,PATAZ,TAYABAMBA,,,0.0013971358714634998
LA LIBERTAD,PATAZ,URPAY,,,0.00034928396786587494
LA LIBERTAD,SANCHEZ CARRION,CHUGAY,,,0.0006985679357317499
LA LIBERTAD,SANCHEZ CARRION,CURGOS,,,0.0006985679357317499
LA LIBERTAD,SANCHEZ CARRION,HUAMACHUCO,,,0.005239259517988124
LA LIBERTAD,SANCHEZ CARRION,MARCABAL,,,0.001047851903597625
LA LIBERTAD,SANCHEZ CARRION,SANAGORAN,,,0.00034928396786587494
LA LIBERTAD,SANCHEZ CARRION,SARIN,,,0.00034928396786587494
LA LIBERTAD,SANCHEZ CARRION,SARTIMBAMBA,,,0.0013971358714634998
LA LIBERTAD,SANTIAGO DE CHUCO,ANGASMARCA,,,0.0006985679357317499
LA LIBERTAD,SANTIAGO DE CHUCO,CACHICADAN,,,0.001047851903597625
LA LIBERTAD,SANTIAGO DE CHUCO,MOLLEBAMBA,,,0.00034928396786587494
LA LIBERTAD,SANTIAGO DE CHUCO,MOLLEPATA,,,0.00034928396786587494
LA LIBERTAD,SANTIAGO DE CHUCO,QUIRUVILCA,,,0.001047851903597625
LA LIBERTAD,SANTIAGO DE CHUCO,SANTA CRUZ DE CHUCA,,,0.001047851903597625
LA LIBERTAD,SANTIAGO DE CHUCO,SANTIAGO DE CHUCO,,,0.00209570380719525
LA LIBERTAD,SANTIAGO DE CHUCO,SITABAMBA,,,0.00034928396786587494
LA LIBERTAD,TRUJILLO,EL PORVENIR,,,0.09151239958085924
LA LIBERTAD,TRUJILLO,FLORENCIA DE MORA,,,0.061124694376528114
LA LIBERTAD,TRUJILLO,HUANCHACO,,,0.023751309814879495
LA LIBERTAD,TRUJILLO,LA ESPERANZA,,,0.12399580859238561
LA LIBERTAD,TRUJILLO,LAREDO,,,0.03318197694725812
LA LIBERTAD,TRUJILLO,MOCHE,,,0.023052741879147746
LA LIBERTAD,TRUJILLO,POROTO,,,0.00034928396786587494
LA LIBERTAD,TRUJILLO,SALAVERRY,,,0.012574222843171499
LA LIBERTAD,TRUJILLO,SIMBAL,,,0.00209570380719525
LA LIBERTAD,TRUJILLO,TRUJILLO,,,0.28501571777855395
LA LIBERTAD,TRUJILLO,VICTOR LARCO HERRERA,,,0.03597624869018512
LA LIBERTAD,VIRU,CHAO,,,0.009081383164512749
LA LIBERTAD,VIRU,GUADALUPITO,,,0.0034928396786587496
LA LIBERTAD,VIRU,VIR+,,,0.007334963325183374
LA LIBERTAD,VIRU,VIRU,,,0.013971358714634998
LAMBAYEQUE,CHICLAYO,CAYALTI,,,0.009735744089012517
LAMBAYEQUE,CHICLAYO,CHICLAYO,,,0.35002318034306906
LAMBAYEQUE,CHICLAYO,CHONGOYAPE,,,0.00880853036624942
LAMBAYEQUE,CHICLAYO,ETEN,,,0.012517385257301807
LAMBAYEQUE,CHICLAYO,ETEN PUERTO,,,0.0009272137227630969
LAMBAYEQUE,CHICLAYO,JOSE LEONARDO ORTIZ,,,0.10941121928604543
LAMBAYEQUE,CHICLAYO,LA VICTORIA,,,0.06212331942512749
LAMBAYEQUE,CHICLAYO,LAGUNAS,,,0.00880853036624942
LAMBAYEQUE,CHICLAYO,MONSEFU,,,0.019471488178025034
LAMBAYEQUE,CHICLAYO,NUEVA ARICA,,,0.0009272137227630969
LAMBAYEQUE,CHICLAYO,OYOTUN,,,0.0027816411682892906
LAMBAYEQUE,CHICLAYO,PATAPO,,,0.017153453871117292
LAMBAYEQUE,CHICLAYO,PICSI,,,0.00927213722763097
LAMBAYEQUE,CHICLAYO,PIMENTEL,,,0.019007881316643487
LAMBAYEQUE,CHICLAYO,POMALCA,,,0.01576263328697265
LAMBAYEQUE,CHICLAYO,PUCALA,,,0.00927213722763097
LAMBAYEQUE,CHICLAYO,REQUE,,,0.007417709782104775
LAMBAYEQUE,CHICLAYO,SANTA ROSA,,,0.008344923504867872
LAMBAYEQUE,CHICLAYO,SAÑA,,,0.0023180343069077423
LAMBAYEQUE,CHICLAYO,TUMAN,,,0.01483541956420955
LAMBAYEQUE,EXTRANJERO,EXTRANJERO,,,0.0004636068613815484
LAMBAYEQUE,FERRENAFE,FERRENAFE,,,0.0004636068613815484
LAMBAYEQUE,FERRENAFE,MANUEL ANTONIO MESONES MURO,,,0.0004636068613815484
LAMBAYEQUE,FERREÂ´.Â¢AFE,PITIPO,,,0.0004636068613815484
LAMBAYEQUE,FERREÂ´.Â¢AFE,PUEBLO NUEVO,,,0.0004636068613815484
LAMBAYEQUE,FERREÑAFE,CAÑARIS,,,0.0009272137227630969
LAMBAYEQUE,FERREÑAFE,FERREÑAFE,,,0.04821511358368104
LAMBAYEQUE,FERREÑAFE,INCAHUASI,,,0.0013908205841446453
LAMBAYEQUE,FERREÑAFE,MANUEL ANTONIO MESONES MURO,,,0.0018544274455261937
LAMBAYEQUE,FERREÑAFE,PITIPO,,,0.010199350950394067
LAMBAYEQUE,FERREÑAFE,PUEBLO NUEVO,,,0.006490496059341678
LAMBAYEQUE,LAMBAYEQUE,ILLIMO,,,0.00927213722763097
LAMBAYEQUE,LAMBAYEQUE,JAYANCA,,,0.007417709782104775
LAMBAYEQUE,LAMBAYEQUE,LAMBAYEQUE,,,0.04450625869262865
LAMBAYEQUE,LAMBAYEQUE,MOCHUMI,,,0.009735744089012517
LAMBAYEQUE,LAMBAYEQUE,MORROPE,,,0.011126564673157162
LAMBAYEQUE,LAMBAYEQUE,MOTUPE,,,0.01761706073249884
LAMBAYEQUE,LAMBAYEQUE,OLMOS,,,0.01761706073249884
LAMBAYEQUE,LAMBAYEQUE,PACORA,,,0.00602688919796013
LAMBAYEQUE,LAMBAYEQUE,SALAS,,,0.0013908205841446453
LAMBAYEQUE,LAMBAYEQUE,SAN JOSE,,,0.005099675475197033
LAMBAYEQUE,LAMBAYEQUE,TUCUME,,,0.01761706073249884
LAMBAYEQUE,LIMA,SAN JUAN DE LURIGANCHO,,,0.0004636068613815484
LAMBAYEQUE,PIURA,CASTILLA,,,0.0004636068613815484
LIMA,BARRANCA,BARRANCA,,,0.007721070266595445
LIMA,BARRANCA,PARAMONGA,,,0.002282328946729471
LIMA,BARRANCA,PATIVILCA,,,0.0016024862817462244
LIMA,BARRANCA,SUPE,,,0.0018452872335259554
LIMA,BARRANCA,SUPE PUERTO,,,0.0011654445685427086
LIMA,CAJATAMBO,CAJATAMBO,,,4.85601903559462e-05
LIMA,CAJATAMBO,COPA,,,4.85601903559462e-05
LIMA,CANETE,ASIA,,,4.85601903559462e-05
LIMA,CANETE,CHILCA,,,9.71203807118924e-05
LIMA,CANETE,IMPERIAL,,,0.0001942407614237848
LIMA,CANETE,LUNAHUANA,,,4.85601903559462e-05
LIMA,CANETE,MALA,,,0.00014568057106783858
LIMA,CANETE,SAN LUIS,,,4.85601903559462e-05
LIMA,CANTA,ARAHUAY,,,9.71203807118924e-05
LIMA,CANTA,CANTA,,,0.00033992133249162335
LIMA,CANTA,HUAMANTANGA,,,0.00014568057106783858
LIMA,CANTA,HUAROS,,,9.71203807118924e-05
LIMA,CANTA,SAN BUENAVENTURA,,,4.85601903559462e-05
LIMA,CANTA,SANTA ROSA DE QUIVES,,,0.0001942407614237848
LIMA,CAÑETE,ASIA,,,0.00024280095177973098
LIMA,CAÑETE,CALANGO,,,9.71203807118924e-05
LIMA,CAÑETE,CERRO AZUL,,,0.0005341620939154081
LIMA,CAÑETE,CHILCA,,,0.001505365901034332
LIMA,CAÑETE,COAYLLO,,,0.00043704171320351577
LIMA,CAÑETE,IMPERIAL,,,0.004224736560967319
LIMA,CAÑETE,LUNAHUANA,,,0.0003884815228475696
LIMA,CAÑETE,MALA,,,0.0018452872335259554
LIMA,CAÑETE,NUEVO IMPERIAL,,,0.0013596853299664934
LIMA,CAÑETE,PACARAN,,,4.85601903559462e-05
LIMA,CAÑETE,QUILMANA,,,0.0011168843781867626
LIMA,CAÑETE,SAN ANTONIO,,,0.00048560190355946195
LIMA,CAÑETE,SAN LUIS,,,0.0008740834264070315
LIMA,CAÑETE,SAN VICENTE DE CAÂ´.Â¢ETE,,,4.85601903559462e-05
LIMA,CAÑETE,SAN VICENTE DE CAÑETE,,,0.006798426649832467
LIMA,CAÑETE,SANTA CRUZ DE FLORES,,,0.00024280095177973098
LIMA,CAÑETE,ZUÑIGA,,,0.0001942407614237848
LIMA,HUARAL,ATAVILLOS BAJO,,,0.00024280095177973098
LIMA,HUARAL,AUCALLAMA,,,0.0010197639974748702
LIMA,HUARAL,CHANCAY,,,0.007041227601612198
LIMA,HUARAL,HUARAL,,,0.011460204924003303
LIMA,HUARAL,IHUARI,,,0.0001942407614237848
LIMA,HUARAL,LAMPIAN,,,9.71203807118924e-05
LIMA,HUARAL,SAN MIGUEL DE ACOS,,,4.85601903559462e-05
LIMA,HUARAL,SUMBILCA,,,0.00014568057106783858
LIMA,HUARAL,VEINTISIETE DE NOVIEMBRE,,,4.85601903559462e-05
LIMA,HUAROCHIRI,ANTIOQUIA,,,4.85601903559462e-05
LIMA,HUAROCHIRI,CALLAHUANCA,,,4.85601903559462e-05
LIMA,HUAROCHIRI,CARAMPOMA,,,4.85601903559462e-05
LIMA,HUAROCHIRI,CASTA,,,9.71203807118924e-05
LIMA,HUAROCHIRI,CHICLA,,,9.71203807118924e-05
LIMA,HUAROCHIRI,HUANZA,,,4.85601903559462e-05
LIMA,HUAROCHIRI,HUAROCHIR-,,,4.85601903559462e-05
LIMA,HUAROCHIRI,HUAROCHIRI,,,0.0006798426649832467
LIMA,HUAROCHIRI,LARAOS,,,4.85601903559462e-05
LIMA,HUAROCHIRI,MATUCANA,,,0.00048560190355946195
LIMA,HUAROCHIRI,RICARDO PALMA,,,0.00043704171320351577
LIMA,HUAROCHIRI,SAN ANTONIO,,,0.0016996066624581168
LIMA,HUAROCHIRI,SAN BARTOLOME,,,4.85601903559462e-05
LIMA,HUAROCHIRI,SAN JOSE DE LOS CHORRILLOS,,,0.0001942407614237848
LIMA,HUAROCHIRI,SAN MATEO,,,0.00033992133249162335
LIMA,HUAROCHIRI,SAN MATEO DE OTAO,,,9.71203807118924e-05
LIMA,HUAROCHIRI,SAN PEDRO DE HUANCAYRE,,,9.71203807118924e-05
LIMA,HUAROCHIRI,SANTA CRUZ DE COCACHACRA,,,0.00014568057106783858
LIMA,HUAROCHIRI,SANTA EULALIA,,,0.0008740834264070315
LIMA,HUAROCHIRI,SANTO DOMINGO DE LOS OLLEROS,,,0.00014568057106783858
LIMA,HUAROCHIRI,SURCO,,,0.00014568057106783858
LIMA,HUAURA,AMBAR,,,0.00014568057106783858
LIMA,HUAURA,CALETA DE CARQUIN,,,0.001505365901034332
LIMA,HUAURA,CHECRAS,,,0.00014568057106783858
LIMA,HUAURA,HUACHO,,,0.01175156606613898
LIMA,HUAURA,HUALMAY,,,0.0038848152284756956
LIMA,HUAURA,HUAURA,,,0.003690574467051911
LIMA,HUAURA,PACCHO,,,9.71203807118924e-05
LIMA,HUAURA,SANTA LEONOR,,,4.85601903559462e-05
LIMA,HUAURA,SANTA MARIA,,,0.005050259797018404
LIMA,HUAURA,SAYAN,,,0.0016510464721021707
LIMA,HUAURA,VEGUETA,,,0.0016024862817462244
LIMA,LIMA,ANCON,,,0.0039333754188316415
LIMA,LIMA,ATE,,,0.04967707473413296
LIMA,LIMA,BARRANCO,,,0.005098819987374351
LIMA,LIMA,BREÂ´.Â¢A,,,0.00048560190355946195
LIMA,LIMA,BREÑA,,,0.016024862817462245
LIMA,LIMA,CARABAYLLO,,,0.02054096052056524
LIMA,LIMA,CHACLACAYO,,,0.003787694847763803
LIMA,LIMA,CHORRILLOS,,,0.030787160685669886
LIMA,LIMA,CIENEGUILLA,,,0.0013111251396105473
LIMA,LIMA,COMAS,,,0.059049191472830574
LIMA,LIMA,EL AGUSTINO,,,0.02782498907395717
LIMA,LIMA,INDEPENDENCIA,,,0.022629048705870927
LIMA,LIMA,JESUS MARIA,,,0.01685038605351333
LIMA,LIMA,LA MOLINA,,,0.010051959403680862
LIMA,LIMA,LA VICTORIA,,,0.03603166124411208
LIMA,LIMA,LIMA,,,0.06963531297042684
LIMA,LIMA,LINCE,,,0.009420676929053563
LIMA,LIMA,LOS OLIVOS,,,0.030058757830330695
LIMA,LIMA,LURIGANCHO,,,0.011363084543291409
LIMA,LIMA,LURIN,,,0.0067013062691205745
LIMA,LIMA,MAGDALENA DEL MAR,,,0.006021463604137328
LIMA,LIMA,MIRAFLORES,,,0.009663477880833294
LIMA,LIMA,PACHACAMAC,,,0.005341620939154082
LIMA,LIMA,PUCUSANA,,,0.0014082455203224397
LIMA,LIMA,PUEBLO LIBRE,,,0.010100519594036808
LIMA,LIMA,PUENTE PIEDRA,,,0.020589520710921187
LIMA,LIMA,PUNTA HERMOSA,,,0.00048560190355946195
LIMA,LIMA,PUNTA NEGRA,,,0.00024280095177973098
LIMA,LIMA,RIMAC,,,0.025445539746515807
LIMA,LIMA,SAN BARTOLO,,,0.0007769630456951392
LIMA,LIMA,SAN BORJA,,,0.007478269314815714
LIMA,LIMA,SAN ISIDRO,,,0.0038848152284756956
LIMA,LIMA,SAN JUAN DE LURIGANCHO,,,0.09983975137182538
LIMA,LIMA,SAN JUAN DE MIRAFLORES,,,0.0395279949497402
LIMA,LIMA,SAN LUIS,,,0.005390181129510028
LIMA,LIMA,SAN MARTIN DE PORRES,,,0.06409945126984898
LIMA,LIMA,SAN MIGUEL,,,0.01199436701791871
LIMA,LIMA,SANTA ANITA,,,0.024571456320108775
LIMA,LIMA,SANTA MARIA DEL MAR,,,9.71203807118924e-05
LIMA,LIMA,SANTA ROSA,,,0.0008740834264070315
LIMA,LIMA,SANTIAGO DE SURCO,,,0.025882581459719323
LIMA,LIMA,SURQUILLO,,,0.011265964162579517
LIMA,LIMA,VILLA EL SALVADOR,,,0.055601417957558394
LIMA,LIMA,VILLA MARIA DEL TRIUNFO,,,0.037342786383722626
LIMA,OYON,OYON,,,0.0003884815228475696
LIMA,OYON,PACHANGARA,,,0.0003884815228475696
LIMA,YAUYOS,CARANIA,,,4.85601903559462e-05
LIMA,YAUYOS,CATAHUASI,,,9.71203807118924e-05
LIMA,YAUYOS,CHOCOS,,,9.71203807118924e-05
LIMA,YAUYOS,COLONIA,,,9.71203807118924e-05
LIMA,YAUYOS,HONGOS,,,4.85601903559462e-05
LIMA,YAUYOS,HUAMPARA,,,4.85601903559462e-05
LIMA,YAUYOS,HUANGASCAR,,,9.71203807118924e-05
LIMA,YAUYOS,HUANTAN,,,4.85601903559462e-05
LIMA,YAUYOS,HUAÑEC,,,9.71203807118924e-05
LIMA,YAUYOS,LARAOS,,,4.85601903559462e-05
LIMA,YAUYOS,PUTINZA,,,0.00014568057106783858
LIMA,YAUYOS,SAN PEDRO DE PILAS,,,4.85601903559462e-05
LIMA,YAUYOS,TAURIPAMPA,,,4.85601903559462e-05
LIMA,YAUYOS,TOMAS,,,4.85601903559462e-05
LIMA,YAUYOS,VITIS,,,4.85601903559462e-05
LIMA,YAUYOS,VIÑAC,,,4.85601903559462e-05
LIMA,YAUYOS,YAUYOS,,,0.00024280095177973098
LORETO,ALTO AMAZONAS,JEBEROS,,,0.000835421888053467
LORETO,ALTO AMAZONAS,LAGUNAS,,,0.000835421888053467
LORETO,ALTO AMAZONAS,YURIMAGUAS,,,0.05263157894736842
LORETO,DATEM DEL MARANON,BARRANCA,,,0.000835421888053467
LORETO,DATEM DEL MARAÑON,ANDOAS,,,0.001670843776106934
LORETO,DATEM DEL MARAÑON,BARRANCA,,,0.01086048454469507
LORETO,DATEM DEL MARAÑON,MANSERICHE,,,0.001670843776106934
LORETO,LORETO,NAUTA,,,0.036758563074352546
LORETO,LORETO,PARINARI,,,0.002506265664160401
LORETO,LORETO,TIGRE,,,0.001670843776106934
LORETO,LORETO,TROMPETEROS,,,0.006683375104427736
LORETO,LORETO,URARINAS,,,0.001670843776106934
LORETO,MARISCAL RAMON CASTILLA,PEBAS,,,0.010025062656641603
LORETO,MARISCAL RAMON CASTILLA,RAMON CASTILLA,,,0.02756892230576441
LORETO,MARISCAL RAMON CASTILLA,SAN PABLO,,,0.006683375104427736
LORETO,MARISCAL RAMON CASTILLA,YAVARI,,,0.005847953216374269
LORETO,MAYNAS,BELEN,,,0.05764411027568922
LORETO,MAYNAS,FERNANDO LORES,,,0.004177109440267335
LORETO,MAYNAS,INDIANA,,,0.011695906432748537
LORETO,MAYNAS,IQUITOS,,,0.32748538011695905
LORETO,MAYNAS,LAS AMAZONAS,,,0.002506265664160401
LORETO,MAYNAS,MAZAN,,,0.003341687552213868
LORETO,MAYNAS,NAPO,,,0.000835421888053467
LORETO,MAYNAS,PUNCHANA,,,0.1035923141186299
LORETO,MAYNAS,SAN JUAN BAUTISTA,,,0.0960735171261487
LORETO,PUTUMAYO,PUTUMAYO,,,0.004177109440267335
LORETO,REQUENA,CAPELO,,,0.002506265664160401
LORETO,REQUENA,JENARO HERRERA,,,0.006683375104427736
LORETO,REQUENA,MAQUIA,,,0.005012531328320802
LORETO,REQUENA,PUINAHUA,,,0.000835421888053467
LORETO,REQUENA,REQUENA,,,0.02506265664160401
LORETO,REQUENA,TAPICHE,,,0.000835421888053467
LORETO,UCAYALI,CONTAMANA,,,0.02506265664160401
LORETO,UCAYALI,INAHUAYA,,,0.001670843776106934
LORETO,UCAYALI,PADRE MARQUEZ,,,0.000835421888053467
LORETO,UCAYALI,SARAYACU,,,0.005012531328320802
LORETO,UCAYALI,VARGAS GUERRA,,,0.005012531328320802
MADRE DE DIOS,MANU,FITZCARRALD,,,0.00558659217877095
MADRE DE DIOS,MANU,HUEPETUHE,,,0.0223463687150838
MADRE DE DIOS,MANU,MANU,,,0.01675977653631285
MADRE DE DIOS,TAHUAMANU,IBERIA,,,0.03910614525139665
MADRE DE DIOS,TAHUAMANU,IÑAPARI,,,0.00558659217877095
MADRE DE DIOS,TAHUAMANU,TAHUAMANU,,,0.0111731843575419
MADRE DE DIOS,TAMBOPATA,INAMBARI,,,0.0335195530726257
MADRE DE DIOS,TAMBOPATA,LABERINTO,,,0.0223463687150838
MADRE DE DIOS,TAMBOPATA,LAS PIEDRAS,,,0.0111731843575419
MADRE DE DIOS,TAMBOPATA,TAMBOPATA,,,0.8268156424581006
MOQUEGUA,GENERAL SANCHEZ CERRO,CHOJATA,,,0.002188183807439825
MOQUEGUA,GENERAL SANCHEZ CERRO,ICHUÑA,,,0.00437636761487965
MOQUEGUA,GENERAL SANCHEZ CERRO,LA CAPILLA,,,0.00437636761487965
MOQUEGUA,GENERAL SANCHEZ CERRO,MATALAQUE,,,0.006564551422319475
MOQUEGUA,GENERAL SANCHEZ CERRO,OMATE,,,0.01312910284463895
MOQUEGUA,GENERAL SANCHEZ CERRO,PUQUINA,,,0.002188183807439825
MOQUEGUA,GENERAL SANCHEZ CERRO,QUINISTAQUILLAS,,,0.002188183807439825
MOQUEGUA,ILO,EL ALGARROBAL,,,0.00437636761487965
MOQUEGUA,ILO,ILO,,,0.5185995623632386
MOQUEGUA,ILO,PACOCHA,,,0.024070021881838075
MOQUEGUA,MARISCAL NIETO,CARUMAS,,,0.0087527352297593
MOQUEGUA,MARISCAL NIETO,MOQUEGUA,,,0.3544857768052516
MOQUEGUA,MARISCAL NIETO,SAMEGUA,,,0.024070021881838075
MOQUEGUA,MARISCAL NIETO,SAN CRISTOBAL,,,0.010940919037199124
MOQUEGUA,MARISCAL NIETO,TORATA,,,0.019693654266958426
PASCO,DANIEL ALCIDES CARRION,CHACAYAN,,,0.004098360655737705
PASCO,DANIEL ALCIDES CARRION,GOYLLARISQUIZGA,,,0.012295081967213115
PASCO,DANIEL ALCIDES CARRION,PAUCAR,,,0.012295081967213115
PASCO,DANIEL ALCIDES CARRION,SAN PEDRO DE PILLAO,,,0.004098360655737705
PASCO,DANIEL ALCIDES CARRION,SANTA ANA DE TUSI,,,0.028688524590163935
PASCO,DANIEL ALCIDES CARRION,TAPUC,,,0.020491803278688523
PASCO,DANIEL ALCIDES CARRION,VILCABAMBA,,,0.004098360655737705
PASCO,DANIEL ALCIDES CARRION,YANAHUANCA,,,0.05327868852459016
PASCO,OXAPAMPA,CHONTABAMBA,,,0.02459016393442623
PASCO,OXAPAMPA,CIUDAD CONSTITUCION,,,0.020491803278688523
PASCO,OXAPAMPA,CONSTITUCION,,,0.020491803278688523
PASCO,OXAPAMPA,HUANCABAMBA,,,0.004098360655737705
PASCO,OXAPAMPA,OXAPAMPA,,,0.045081967213114756
PASCO,OXAPAMPA,PALCAZU,,,0.012295081967213115
PASCO,OXAPAMPA,POZUZO,,,0.004098360655737705
PASCO,OXAPAMPA,PUERTO BERMUDEZ,,,0.045081967213114756
PASCO,OXAPAMPA,VILLA RICA,,,0.11475409836065574
PASCO,PASCO,CHAUPIMARCA,,,0.15163934426229508
PASCO,PASCO,HUACHON,,,0.012295081967213115
PASCO,PASCO,HUARIACA,,,0.06147540983606557
PASCO,PASCO,HUAYLLAY,,,0.03278688524590164
PASCO,PASCO,NINACACA,,,0.012295081967213115
PASCO,PASCO,OXAPAMPA,,,0.004098360655737705
PASCO,PASCO,PALLANCHACRA,,,0.004098360655737705
PASCO,PASCO,PAUCARTAMBO,,,0.06147540983606557
PASCO,PASCO,SAN FCO DE ASIS DE YARUSYACAN,,,0.00819672131147541
PASCO,PASCO,SIMON BOLIVAR,,,0.03278688524590164
PASCO,PASCO,TICLACAYAN,,,0.00819672131147541
PASCO,PASCO,TINYAHUARCO,,,0.03278688524590164
PASCO,PASCO,VICCO,,,0.036885245901639344
PASCO,PASCO,YANACANCHA,,,0.10245901639344263
PIURA,AYABACA,AYABACA,,,0.006185567010309278
PIURA,AYABACA,FRIAS,,,0.002474226804123711
PIURA,AYABACA,JILILI,,,0.0012371134020618556
PIURA,AYABACA,MONTERO,,,0.0012371134020618556
PIURA,AYABACA,PACAIPAMPA,,,0.002474226804123711
PIURA,AYABACA,PAIMAS,,,0.0032989690721649486
PIURA,AYABACA,SAPILLICA,,,0.002474226804123711
PIURA,AYABACA,SICCHEZ,,,0.0004123711340206186
PIURA,AYABACA,SUYO,,,0.002474226804123711
PIURA,HUANCABAMBA,CANCHAQUE,,,0.002061855670103093
PIURA,HUANCABAMBA,HUANCABAMBA,,,0.006185567010309278
PIURA,HUANCABAMBA,HUARMACA,,,0.002061855670103093
PIURA,HUANCABAMBA,LALAQUIZ,,,0.0012371134020618556
PIURA,HUANCABAMBA,SAN MIGUEL DE EL FAIQUE,,,0.0016494845360824743
PIURA,HUANCABAMBA,SONDORILLO,,,0.0016494845360824743
PIURA,MORROPON,BUENOS AIRES,,,0.002061855670103093
PIURA,MORROPON,CHALACO,,,0.0008247422680412372
PIURA,MORROPON,CHULUCANAS,,,0.09278350515463918
PIURA,MORROPON,LA MATANZA,,,0.002474226804123711
PIURA,MORROPON,MORROPON,,,0.0053608247422680414
PIURA,MORROPON,SALITRAL,,,0.0008247422680412372
PIURA,MORROPON,SALITRAL (DIRESA PIURA),,,0.0004123711340206186
PIURA,MORROPON,SAN JUAN DE BIGOTE,,,0.0032989690721649486
PIURA,MORROPON,SANTO DOMINGO,,,0.0008247422680412372
PIURA,MORROPON,YAMANGO,,,0.0008247422680412372
PIURA,PAITA,AMOTAPE,,,0.0032989690721649486
PIURA,PAITA,COLAN,,,0.01154639175257732
PIURA,PAITA,LA HUACA,,,0.00865979381443299
PIURA,PAITA,PAITA,,,0.08824742268041237
PIURA,PAITA,TAMARINDO,,,0.00288659793814433
PIURA,PAITA,VICHAYAL,,,0.004536082474226804
PIURA,PIURA,CASTILLA,,,0.1002061855670103
PIURA,PIURA,CATACAOS,,,0.033814432989690724
PIURA,PIURA,CURA MORI,,,0.0053608247422680414
PIURA,PIURA,EL TALLAN,,,0.002061855670103093
PIURA,PIURA,LA ARENA,,,0.013195876288659794
PIURA,PIURA,LA UNION,,,0.014845360824742268
PIURA,PIURA,LAS LOMAS,,,0.010309278350515464
PIURA,PIURA,PIURA,,,0.1336082474226804
PIURA,PIURA,TAMBO GRANDE,,,0.028041237113402062
PIURA,PIURA,VEINTISEIS DE OCTUBRE,,,0.03505154639175258
PIURA,PIURA,VEINTISÉIS DE OCTUBRE,,,0.044948453608247424
PIURA,SECHURA,BELLAVISTA DE LA UNION,,,0.00288659793814433
PIURA,SECHURA,BERNAL,,,0.004536082474226804
PIURA,SECHURA,CRISTO NOS VALGA,,,0.0004123711340206186
PIURA,SECHURA,RINCONADA LLICUAR,,,0.0004123711340206186
PIURA,SECHURA,RINCONADA-LLICUAR,,,0.0008247422680412372
PIURA,SECHURA,SECHURA,,,0.01979381443298969
PIURA,SECHURA,VICE,,,0.00577319587628866
PIURA,SULLANA,BELLAVISTA,,,0.03463917525773196
PIURA,SULLANA,IGNACIO ESCUDERO,,,0.009072164948453608
PIURA,SULLANA,LANCONES,,,0.002474226804123711
PIURA,SULLANA,MARCAVELICA,,,0.012371134020618556
PIURA,SULLANA,MIGUEL CHECA,,,0.004948453608247422
PIURA,SULLANA,QUERECOTILLO,,,0.014845360824742268
PIURA,SULLANA,SALITRAL,,,0.003711340206185567
PIURA,SULLANA,SALITRAL (LUCIANO CASTILLO),,,0.0004123711340206186
PIURA,SULLANA,SULLANA,,,0.12371134020618557
PIURA,TALARA,EL ALTO,,,0.0053608247422680414
PIURA,TALARA,LA BREA,,,0.006185567010309278
PIURA,TALARA,LOBITOS,,,0.0004123711340206186
PIURA,TALARA,LOS ORGANOS,,,0.00577319587628866
PIURA,TALARA,MANCORA,,,0.007835051546391752
PIURA,TALARA,PARIÑAS,,,0.04618556701030928
PUNO,AZANGARO,ARAPA,,,0.0031746031746031746
PUNO,AZANGARO,ASILLO,,,0.007936507936507936
PUNO,AZANGARO,AZ-NGARO,,,0.006349206349206349
PUNO,AZANGARO,AZANGARO,,,0.015873015873015872
PUNO,AZANGARO,CAMINACA,,,0.0015873015873015873
PUNO,AZANGARO,CHUPA,,,0.0031746031746031746
PUNO,AZANGARO,MUÑANI,,,0.0015873015873015873
PUNO,AZANGARO,POTONI,,,0.0015873015873015873
PUNO,AZANGARO,SAMAN,,,0.004761904761904762
PUNO,AZANGARO,SAN ANTON,,,0.0015873015873015873
PUNO,AZANGARO,TIRAPATA,,,0.0031746031746031746
PUNO,CARABAYA,AJOYANI,,,0.0015873015873015873
PUNO,CARABAYA,AYAPATA,,,0.0031746031746031746
PUNO,CARABAYA,CORANI,,,0.0031746031746031746
PUNO,CARABAYA,CRUCERO,,,0.0015873015873015873
PUNO,CARABAYA,ITUATA,,,0.0015873015873015873
PUNO,CARABAYA,MACUSANI,,,0.009523809523809525
PUNO,CARABAYA,OLLACHEA,,,0.0015873015873015873
PUNO,CARABAYA,SAN GABAN,,,0.0031746031746031746
PUNO,CHUCUITO,DESAGUADERO,,,0.007936507936507936
PUNO,CHUCUITO,HUACULLANI,,,0.0015873015873015873
PUNO,CHUCUITO,JULI,,,0.006349206349206349
PUNO,CHUCUITO,POMATA,,,0.004761904761904762
PUNO,EL COLLAO,CAPASO,,,0.0015873015873015873
PUNO,EL COLLAO,CAPAZO,,,0.0015873015873015873
PUNO,EL COLLAO,ILAVE,,,0.023809523809523808
PUNO,EL COLLAO,PILCUYO,,,0.006349206349206349
PUNO,HUANCANE,COJATA,,,0.0015873015873015873
PUNO,HUANCANE,HUANCAN+,,,0.006349206349206349
PUNO,HUANCANE,HUANCANE,,,0.03333333333333333
PUNO,HUANCANE,INCHUPALLA,,,0.004761904761904762
PUNO,HUANCANE,PUSI,,,0.0031746031746031746
PUNO,HUANCANE,ROSASPATA,,,0.004761904761904762
PUNO,HUANCANE,TARACO,,,0.004761904761904762
PUNO,HUANCANE,VILQUE CHICO,,,0.009523809523809525
PUNO,LAMPA,CABANILLA,,,0.004761904761904762
PUNO,LAMPA,LAMPA,,,0.004761904761904762
PUNO,LAMPA,NICASIO,,,0.0015873015873015873
PUNO,LAMPA,OCUVIRI,,,0.0031746031746031746
PUNO,LAMPA,PUCARA,,,0.0015873015873015873
PUNO,LAMPA,SANTA LUCIA,,,0.007936507936507936
PUNO,MELGAR,AYAVIRI,,,0.022222222222222223
PUNO,MELGAR,MACARI,,,0.0031746031746031746
PUNO,MELGAR,NUÑOA,,,0.006349206349206349
PUNO,MELGAR,ORURILLO,,,0.0031746031746031746
PUNO,MOHO,CONIMA,,,0.0031746031746031746
PUNO,MOHO,MOHO,,,0.007936507936507936
PUNO,MOHO,TILALI,,,0.0015873015873015873
PUNO,PUNO,ACORA,,,0.009523809523809525
PUNO,PUNO,ATUNCOLLA,,,0.0015873015873015873
PUNO,PUNO,CAPACHICA,,,0.004761904761904762
PUNO,PUNO,CHUCUITO,,,0.004761904761904762
PUNO,PUNO,COATA,,,0.006349206349206349
PUNO,PUNO,MAÑAZO,,,0.0015873015873015873
PUNO,PUNO,PAUCARCOLLA,,,0.004761904761904762
PUNO,PUNO,PICHACANI,,,0.004761904761904762
PUNO,PUNO,PLATERIA,,,0.0015873015873015873
PUNO,PUNO,PUNO,,,0.25555555555555554
PUNO,PUNO,SAN ANTONIO,,,0.0031746031746031746
PUNO,PUNO,VILQUE,,,0.0031746031746031746
PUNO,SAN ANTONIO DE PUTINA,ANANEA,,,0.004761904761904762
PUNO,SAN ANTONIO DE PUTINA,PEDRO VILCA APAZA,,,0.0015873015873015873
PUNO,SAN ANTONIO DE PUTINA,PUTINA,,,0.009523809523809525
PUNO,SAN ROMAN,CABANA,,,0.0031746031746031746
PUNO,SAN ROMAN,CABANILLAS,,,0.007936507936507936
PUNO,SAN ROMAN,CARACOTO,,,0.006349206349206349
PUNO,SAN ROMAN,JULIACA,,,0.30952380952380953
PUNO,SAN ROMAN,SAN MIGUEL,,,0.011111111111111112
PUNO,SANDIA,ALTO INAMBARI,,,0.0031746031746031746
PUNO,SANDIA,CUYOCUYO,,,0.0015873015873015873
PUNO,SANDIA,PATAMBUCO,,,0.0015873015873015873
PUNO,SANDIA,SAN JUAN DEL ORO,,,0.011111111111111112
PUNO,SANDIA,SAN PEDRO DE PUTINA PUNCO,,,0.0015873015873015873
PUNO,SANDIA,SANDIA,,,0.007936507936507936
PUNO,SANDIA,YANAHUAYA,,,0.0015873015873015873
PUNO,YUNGUYO,COPANI,,,0.0031746031746031746
PUNO,YUNGUYO,TINICACHI,,,0.0015873015873015873
PUNO,YUNGUYO,UNICACHI,,,0.004761904761904762
PUNO,YUNGUYO,YUNGUYO,,,0.03650793650793651
SAN MARTIN,BELLAVISTA,ALTO BIAVO,,,0.0011173184357541898
SAN MARTIN,BELLAVISTA,BAJO BIAVO,,,0.00558659217877095
SAN MARTIN,BELLAVISTA,BELLAVISTA,,,0.03128491620111732
SAN MARTIN,BELLAVISTA,SAN PABLO,,,0.0011173184357541898
SAN MARTIN,BELLAVISTA,SAN RAFAEL,,,0.004469273743016759
SAN MARTIN,EL DORADO,SAN JOSE DE SISA,,,0.02011173184357542
SAN MARTIN,EL DORADO,SAN MARTIN,,,0.0022346368715083797
SAN MARTIN,EL DORADO,SANTA ROSA,,,0.0022346368715083797
SAN MARTIN,EL DORADO,SHATOJA,,,0.0022346368715083797
SAN MARTIN,HUALLAGA,ALTO SAPOSOA,,,0.0011173184357541898
SAN MARTIN,HUALLAGA,EL ESLABON,,,0.0011173184357541898
SAN MARTIN,HUALLAGA,PISCOYACU,,,0.0011173184357541898
SAN MARTIN,HUALLAGA,SACANCHE,,,0.0033519553072625698
SAN MARTIN,HUALLAGA,SAPOSOA,,,0.013407821229050279
SAN MARTIN,HUALLAGA,TINGO DE SAPOSOA,,,0.0011173184357541898
SAN MARTIN,LAMAS,ALONSO DE ALVARADO,,,0.0022346368715083797
SAN MARTIN,LAMAS,BARRANQUITA,,,0.0033519553072625698
SAN MARTIN,LAMAS,CAYNARACHI,,,0.00782122905027933
SAN MARTIN,LAMAS,CUÑUMBUQUI,,,0.004469273743016759
SAN MARTIN,LAMAS,LAMAS,,,0.03128491620111732
SAN MARTIN,LAMAS,PINTO RECODO,,,0.0067039106145251395
SAN MARTIN,LAMAS,RUMISAPA,,,0.0011173184357541898
SAN MARTIN,LAMAS,SAN ROQUE DE CUMBAZA,,,0.0011173184357541898
SAN MARTIN,LAMAS,TABALOSOS,,,0.01005586592178771
SAN MARTIN,MARISCAL CACERES,CAMPANILLA,,,0.004469273743016759
SAN MARTIN,MARISCAL CACERES,HUICUNGO,,,0.00558659217877095
SAN MARTIN,MARISCAL CACERES,JUANJUI,,,0.11731843575418995
SAN MARTIN,MARISCAL CACERES,PACHIZA,,,0.00558659217877095
SAN MARTIN,MARISCAL CACERES,PAJARILLO,,,0.00558659217877095
SAN MARTIN,MOYOBAMBA,CALZADA,,,0.0022346368715083797
SAN MARTIN,MOYOBAMBA,JEPELACIO,,,0.0011173184357541898
SAN MARTIN,MOYOBAMBA,MOYOBAMBA,,,0.0893854748603352
SAN MARTIN,MOYOBAMBA,SORITOR,,,0.00558659217877095
SAN MARTIN,MOYOBAMBA,YANTALO,,,0.0011173184357541898
SAN MARTIN,PICOTA,BUENOS AIRES,,,0.0022346368715083797
SAN MARTIN,PICOTA,PICOTA,,,0.02569832402234637
SAN MARTIN,PICOTA,PILLUANA,,,0.0011173184357541898
SAN MARTIN,PICOTA,PUCACACA,,,0.0033519553072625698
SAN MARTIN,PICOTA,SAN HILARION,,,0.0033519553072625698
SAN MARTIN,PICOTA,TRES UNIDOS,,,0.0022346368715083797
SAN MARTIN,RIOJA,AWAJUN,,,0.00558659217877095
SAN MARTIN,RIOJA,ELIAS SOPLIN VARGAS,,,0.00558659217877095
SAN MARTIN,RIOJA,NUEVA CAJAMARCA,,,0.027932960893854747
SAN MARTIN,RIOJA,PARDO MIGUEL,,,0.00782122905027933
SAN MARTIN,RIOJA,POSIC,,,0.0033519553072625698
SAN MARTIN,RIOJA,RIOJA,,,0.0335195530726257
SAN MARTIN,RIOJA,SAN FERNANDO,,,0.0011173184357541898
SAN MARTIN,RIOJA,YURACYACU,,,0.004469273743016759
SAN MARTIN,SAN MARTIN,CACATACHI,,,0.0067039106145251395
SAN MARTIN,SAN MARTIN,CHAZUTA,,,0.01005586592178771
SAN MARTIN,SAN MARTIN,CHIPURANA,,,0.0022346368715083797
SAN MARTIN,SAN MARTIN,EL PORVENIR,,,0.0022346368715083797
SAN MARTIN,SAN MARTIN,HUIMBAYOC,,,0.0022346368715083797
SAN MARTIN,SAN MARTIN,JUAN GUERRA,,,0.0011173184357541898
SAN MARTIN,SAN MARTIN,LA BANDA DE SHILCAYO,,,0.06927374301675977
SAN MARTIN,SAN MARTIN,MORALES,,,0.04692737430167598
SAN MARTIN,SAN MARTIN,PAPAPLAYA,,,0.0011173184357541898
SAN MARTIN,SAN MARTIN,SAN ANTONIO,,,0.0011173184357541898
SAN MARTIN,SAN MARTIN,SAUCE,,,0.0011173184357541898
SAN MARTIN,SAN MARTIN,SHAPAJA,,,0.0011173184357541898
SAN MARTIN,SAN MARTIN,TARAPOTO,,,0.26256983240223464
SAN MARTIN,TOCACHE,NUEVO PROGRESO,,,0.00782122905027933
SAN MARTIN,TOCACHE,POLVORA,,,0.0011173184357541898
SAN MARTIN,TOCACHE,SHUNTE,,,0.0011173184357541898
SAN MARTIN,TOCACHE,TOCACHE,,,0.034636871508379886
SAN MARTIN,TOCACHE,UCHIZA,,,0.0111731843575419
TACNA,CANDARAVE,CAIRANI,,,0.003355704697986577
TACNA,CANDARAVE,CANDARAVE,,,0.006711409395973154
TACNA,CANDARAVE,CURIBAYA,,,0.0016778523489932886
TACNA,CANDARAVE,QUILAHUANI,,,0.0016778523489932886
TACNA,JORGE BASADRE,ILABAYA,,,0.010067114093959731
TACNA,JORGE BASADRE,ITE,,,0.006711409395973154
TACNA,TACNA,ALTO DE LA ALIANZA,,,0.1476510067114094
TACNA,TACNA,CALANA,,,0.0050335570469798654
TACNA,TACNA,CIUDAD NUEVA,,,0.09060402684563758
TACNA,TACNA,CORONEL GREGORIO ALBARRACIN L.,,,0.016778523489932886
TACNA,TACNA,CORONEL GREGORIO ALBARRACIN LA,,,0.11409395973154363
TACNA,TACNA,CORONEL GREGORIO ALBARRACIN LANCHIPA,,,0.040268456375838924
TACNA,TACNA,INCLAN,,,0.0016778523489932886
TACNA,TACNA,LA YARADA LOS PALOS,,,0.015100671140939598
TACNA,TACNA,PACHIA,,,0.006711409395973154
TACNA,TACNA,PALCA,,,0.003355704697986577
TACNA,TACNA,POCOLLAY,,,0.05536912751677853
TACNA,TACNA,TACNA,,,0.46140939597315433
TACNA,TARATA,ESTIQUE,,,0.0016778523489932886
TACNA,TARATA,HEROES ALBARRACIN,,,0.0016778523489932886
TACNA,TARATA,TARATA,,,0.008389261744966443
TUMBES,CONTRALMIRANTE VILLAR,CANOAS DE PUNTA SAL,,,0.026905829596412557
TUMBES,CONTRALMIRANTE VILLAR,CASITAS,,,0.011210762331838564
TUMBES,CONTRALMIRANTE VILLAR,ZORRITOS,,,0.05605381165919283
TUMBES,TUMBES,CORRALES,,,0.10762331838565023
TUMBES,TUMBES,LA CRUZ,,,0.03139013452914798
TUMBES,TUMBES,PAMPAS DE HOSPITAL,,,0.013452914798206279
TUMBES,TUMBES,SAN JACINTO,,,0.02466367713004484
TUMBES,TUMBES,SAN JUAN DE LA VIRGEN,,,0.013452914798206279
TUMBES,TUMBES,TUMBES,,,0.531390134529148
TUMBES,ZARUMILLA,AGUAS VERDES,,,0.06502242152466367
TUMBES,ZARUMILLA,MATAPALO,,,0.002242152466367713
TUMBES,ZARUMILLA,PAPAYAL,,,0.008968609865470852
TUMBES,ZARUMILLA,ZARUMILLA,,,0.09641255605381166
UCAYALI,ATALAYA,RAIMONDI,,,0.003745318352059925
UCAYALI,ATALAYA,RAYMONDI,,,0.0056179775280898875
UCAYALI,ATALAYA,SEPAHUA,,,0.003745318352059925
UCAYALI,ATALAYA,TAHUANIA,,,0.0056179775280898875
UCAYALI,CORONEL PORTILLO,CALLERIA,,,0.49063670411985016
UCAYALI,CORONEL PORTILLO,CAMPOVERDE,,,0.00749063670411985
UCAYALI,CORONEL PORTILLO,MANANTAY,,,0.1198501872659176
UCAYALI,CORONEL PORTILLO,MASISEA,,,0.00749063670411985
UCAYALI,CORONEL PORTILLO,NUEVA REQUENA,,,0.009363295880149813
UCAYALI,CORONEL PORTILLO,YARINACOCHA,,,0.17415730337078653
UCAYALI,PADRE ABAD,CURIMANA,,,0.003745318352059925
UCAYALI,PADRE ABAD,IRAZOLA,,,0.011235955056179775
UCAYALI,PADRE ABAD,NESHUYA,,,0.013108614232209739
UCAYALI,PADRE ABAD,PADRE ABAD,,,0.0749063670411985
